{
 "links": [
  {
    "href": "/ReIMService/employees?userName=Doe,John&pageNumber=3&pageSize=100&screenSort=TOTAL_INVOICES_DUE&sortOrder=DESC",
    "rel": "next",
    "type":"application/xml",
    "methodType": "GET"
  },
  {
    "href": "/ReIMService/employees?userName=Doe,John&pageNumber=1&pageSize=100&screenSort=TOTAL_INVOICES_DUE&sortOrder=DESC",
    "rel": "prev",
    "type":"application/xml",
    "methodType": "GET"
  }
 ],
 "totalRecordCount": 1,
 "employeesCollection" : [
  {
      "employeeId" : "Person, One",
      "invoicesDue" : 10,
      "invoicesMatched" : 10
  },
  {
      "employeeId" : "Person, Two",
      "invoicesDue" : 20,
      "invoicesMatched" : 10
  },
  {
      "employeeId" : "Person, Three",
      "invoicesDue" : 45,
      "invoicesMatched" : 10
  },
  {
      "employeeId" : "Person, Four",
      "invoicesDue" : 30,
      "invoicesMatched" : 10
  },
  {
      "employeeId" : "Person, Five",
      "invoicesDue" : 50,
      "invoicesMatched" : 10
  },
  {
      "employeeId" : "Person Six",
      "invoicesDue" : 50,
      "invoicesMatched" : 10
  },
  {
      "employeeId" : "Person Seven",
      "invoicesDue" : 50,
      "invoicesMatched" : 10
  }
 ]
}