{
 "supplierName" : "Atlast Supplier",
 "supplierId" : "12345",
 "supplierScorecard" : 3,
 "invoicesCount" : [
  {
   "description" : "Past Due",
   "daysOut" : "-1",
   "invoiceCount" : 0
  },
  {
   "description" : "Today",
   "daysOut" : "0",
   "invoiceCount" : 30
  },
  {
   "description" : "Tomorrow",
   "daysOut" : "1",
   "invoiceCount" : 26
  }
 ],
 "performanceDetail" : { 
    "assignedTo" : "Doe, Jane",
    "numberOfInvoices" : "2303",
    "totalAmount" : 54023.23,
    "automatchTotal" : 2000,
    "automatchRate" : 15,
    "currencyCode": "USD"
  }, 
 "costDiscrepancyTotal" : 15,
 "costDiscrepancyPercentage" : 1,
 "quantityDiscrepancyTotal" : 300,
 "quantityDiscrepancyPercentage" : 20
}