{
     "date" : "1220227200000",
     "invoicesCount" : [
      {
       "description" : "Past Due",
       "daysOut" : -1,
       "matchedCount" : 50,
       "unmatchedCount" : 10
      },
      {
       "description" : "Today",
       "daysOut" : 0,
       "matchedCount" : 100,
       "unmatchedCount" : 200
      },
      {
       "description" : "Tomorrow",
       "daysOut" : 1,
       "matchedCount" : 80,
       "unmatchedCount" : 90
      },
      {
       "description" : "Two days out",
       "daysOut" : 2,
       "matchedCount" : 150,
       "unmatchedCount" : 200
      },
      {
       "description" : "Three days out",
       "daysOut" : 3,
       "matchedCount" : 55,
       "unmatchedCount" : 79
      }
    
     ],
    
     "automatchRate" : [
      {
       "description" : "Last 3 months",
       "automatchedCount" : 230,
       "manualMatchedCount" : 123
      },
      {
       "description" : "Yesterday",
       "automatchedCount" : 75,
       "manualMatchedCount" : 25
      }
     ],
     "totalSuppliers" : 55,
     "totalEmployees" : 25,
     "totalInvoices" : 600
}