{
 "links": [
  {
    "href": "/ReIMService/invoices?userName=Doe,John&<base parameters>&pageNumber=3&pageSize=100&screenSort=INVOICE_COST&sortOrder=DESC",
    "rel": "next",
    "type":"application/xml",
    "methodType": "GET"
  },
  {
    "href": "/ReIMService/invoices?userName=Doe,John&<base parameters>&pageNumber=1&pageSize=100&screenSort=INVOICE_COST&sortOrder=DESC", 
    "rel": "prev","type":"application/xml","methodType": "GET"
  }
 ],
 "totalRecordCount":6,
 "invoicesCollection" : [
  {
   "supplierName" : "Supplier Site 1",
   "supplierId" : 12345,
   "locationNumber" : "1111",
   "invoiceNumber" : 1212,   
   "invoicesAmount" : 12313.00,
   "date" : "1220227200000",
   "currencyCode": "USD"
  }, 
  {
   "supplierName" : "Supplier Site 2",
   "supplierId" : 12345,
   "locationNumber" : "2222",
   "invoiceNumber" : 2121,   
   "invoicesAmount" : 23244.00,
   "date" : "1220227200000",
   "currencyCode": "CAD"
  },
  {
   "supplierName" : "Supplier Site 3",
   "supplierId" : 12345,
   "locationNumber" : "3333",
   "invoiceNumber" : 3131,   
   "invoicesAmount" : 84747.00,
   "date" : "1220227200000",
   "currencyCode": "EUR"
  },
  {
   "supplierName" : "Supplier Site 4",
   "supplierId" : 12345,
   "locationNumber" : "4444",
   "invoiceNumber" : 4141,   
   "invoicesAmount" : 989898.00,
   "date" : "1220227200000",
   "currencyCode": "USD"
  },
  {
   "supplierName" : "Supplier Site 5",
   "supplierId" : 12345,
   "locationNumber" : "5555",
   "invoiceNumber" : 5151,   
   "invoicesAmount" : 45321.00,
   "date" : "1220227200000",
   "currencyCode": "USD"
  },
  {
   "supplierName" : "Supplier Site 6",
   "supplierId" : 12345,
   "locationNumber" : "6666",
   "invoiceNumber" : 6161,   
   "invoicesAmount" : 200000.00,
   "date" : "1220227200000",
   "currencyCode": "USD"
  },
  {
   "supplierName" : "Supplier Site 7",
   "supplierId" : 12345,
   "locationNumber" : "7777",
   "invoiceNumber" : 7171,   
   "invoicesAmount" : 565655.00,
   "date" : "1220227200000",
   "currencyCode": "PHP"
  },
  {
   "supplierName" : "Supplier Site 8",
   "supplierId" : 12345,
   "locationNumber" : "8888",
   "invoiceNumber" : 8181,   
   "invoicesAmount" : 4352.00,
   "date" : "1220227200000",
   "currencyCode": "INR"
  }
 ]
}