{
 "links": [
  {
    "href": "/ReIMService/suppliers?userName=Doe,John&pageNumber=3&pageSize=100&screenSort=INVOICES_DUE&sortOrder=DESC",
    "rel": "next",
    "type": "application/xml",
    "methodType": "GET"
  },
  {
    "href": "/ReIMService/suppliers?userName=Doe,John&pageNumber=1&pageSize=100&screenSort=INVOICES_DUE&sortOrder=DESC", 
    "rel": "prev",
    "type":"application/xml",
    "methodType": "GET"
  }
 ],
 "totalRecordCount":6,
 "supplierCollection" : [
  {
   "supplierName" : "One Site",
   "supplierId" : 1234,
   "supplierScorecard" : 3,
   "invoicesTotalAmount" : 125234.44,
   "invoicesDue" : 25,
   "currencyCode": "USD"
  },
  {
   "supplierName" : "Two Site",
   "supplierId" : 1343,
   "supplierScorecard" : 5,
   "invoicesTotalAmount" : 50000.00,
   "invoicesDue" : 0,
   "currencyCode": "USD"
  },
  {
   "supplierName" : "Three Site",
   "supplierId" : 234234,
   "supplierScorecard" : 2,
   "invoicesTotalAmount" : 99999.99,
   "invoicesDue" : 50,
   "currencyCode": "USD"
  },
  {
   "supplierName" : "Four Site",
   "supplierId" : 575757,
   "supplierScorecard" : 3,
   "invoicesTotalAmount" : 132434.34,
   "invoicesDue" : 200,
   "currencyCode": "USD"
  },
  {
   "supplierName" : "Five Site",
   "supplierId" : 99393,
   "supplierScorecard" : 5,
   "invoicesTotalAmount" : 868686.87,
   "invoicesDue" : 5,
   "currencyCode": "USD"
  },
  {
   "supplierName" : "Six Site",
   "supplierId" : 34343,
   "supplierScorecard" : 1,
   "invoicesTotalAmount" : 101101.01,
   "invoicesDue" : 100,
   "currencyCode": "USD"
  }
 ]
}