{
    "summaryOpenStoreDay" : {
        "links" : [
        ],
        "storeCount" : 31,
        "results" : [
            {
                "links" : [
                ],
                "recordType" : "DATE",
                "recordDate" : 1395892800000,
                "openStoreCount" : 0,
                "hyperMediaContent" : {
                    "linkRDO" : [
                    ]
                }
            },
            {
                "links" : [
                ],
                "recordType" : "DATE",
                "recordDate" : 1395806400000,
                "openStoreCount" : 28,
                "hyperMediaContent" : {
                    "linkRDO" : [
                    ]
                }
            },
            {
                "links" : [
                ],
                "recordType" : "DATE",
                "recordDate" : 1395720000000,
                "openStoreCount" : 20,
                "hyperMediaContent" : {
                    "linkRDO" : [
                    ]
                }
            },
            {
                "links" : [
                ],
                "recordType" : "DATE",
                "recordDate" : 1395633600000,
                "openStoreCount" : 11,
                "hyperMediaContent" : {
                    "linkRDO" : [
                    ]
                }
            },
            {
                "links" : [
                ],
                "recordType" : "DATE",
                "recordDate" : 1395547200000,
                "openStoreCount" : 23,
                "hyperMediaContent" : {
                    "linkRDO" : [
                    ]
                }
            },
            {
                "links" : [
                ],
                "recordType" : "OLDER",
                "recordDate" : null,
                "openStoreCount" : 273,
                "hyperMediaContent" : {
                    "linkRDO" : [
                    ]
                }
            },
            {
                "links" : [
                ],
                "recordType" : "ALL",
                "recordDate" : null,
                "openStoreCount" : 355,
                "hyperMediaContent" : {
                    "linkRDO" : [
                    ]
                }
            }
        ],
        "hyperMediaContent" : {
            "linkRDO" : [
            ]
        }
    },
    "summaryOverShortCount" : {
        "links" : [
        ],
        "storeCount" : 31,
        "results" : [
            {
                "links" : [
                ],
                "recordType" : "DATE",
                "recordDate" : 1395892800000,
                "overCount" : 0,
                "shortCount" : 0,
                "hyperMediaContent" : {
                    "linkRDO" : [
                    ]
                }
            },
            {
                "links" : [
                ],
                "recordType" : "DATE",
                "recordDate" : 1395806400000,
                "overCount" : 0,
                "shortCount" : 1,
                "hyperMediaContent" : {
                    "linkRDO" : [
                    ]
                }
            },
            {
                "links" : [
                ],
                "recordType" : "DATE",
                "recordDate" : 1395720000000,
                "overCount" : 0,
                "shortCount" : 1,
                "hyperMediaContent" : {
                    "linkRDO" : [
                    ]
                }
            },
            {
                "links" : [
                ],
                "recordType" : "DATE",
                "recordDate" : 1395633600000,
                "overCount" : 5,
                "shortCount" : 1,
                "hyperMediaContent" : {
                    "linkRDO" : [
                    ]
                }
            },
            {
                "links" : [
                ],
                "recordType" : "DATE",
                "recordDate" : 1395547200000,
                "overCount" : 4,
                "shortCount" : 2,
                "hyperMediaContent" : {
                    "linkRDO" : [
                    ]
                }
            },
            {
                "links" : [
                ],
                "recordType" : "OLDER",
                "recordDate" : null,
                "overCount" : 14,
                "shortCount" : 19,
                "hyperMediaContent" : {
                    "linkRDO" : [
                    ]
                }
            },
            {
                "links" : [
                ],
                "recordType" : "ALL",
                "recordDate" : null,
                "overCount" : 23,
                "shortCount" : 24,
                "hyperMediaContent" : {
                    "linkRDO" : [
                    ]
                }
            }
        ],
        "hyperMediaContent" : {
            "linkRDO" : [
            ]
        }
    },
    "summaryOverShortAmount" : {
        "links" : [
        ],
        "storeCount" : 31,
        "results" : [
            {
                "links" : [
                ],
                "recordType" : "DATE",
                "recordDate" : 1395892800000,
                "overAmount" : 0,
                "shortAmount" : 0,
                "currencyCode" : "USD",
                "hyperMediaContent" : {
                    "linkRDO" : [
                    ]
                }
            },
            {
                "links" : [
                ],
                "recordType" : "DATE",
                "recordDate" : 1395806400000,
                "overAmount" : 0,
                "shortAmount" : -5867.4883,
                "currencyCode" : "USD",
                "hyperMediaContent" : {
                    "linkRDO" : [
                    ]
                }
            },
            {
                "links" : [
                ],
                "recordType" : "DATE",
                "recordDate" : 1395720000000,
                "overAmount" : 0,
                "shortAmount" : -240026,
                "currencyCode" : "USD",
                "hyperMediaContent" : {
                    "linkRDO" : [
                    ]
                }
            },
            {
                "links" : [
                ],
                "recordType" : "DATE",
                "recordDate" : 1395633600000,
                "overAmount" : 6849.633,
                "shortAmount" : -150,
                "currencyCode" : "USD",
                "hyperMediaContent" : {
                    "linkRDO" : [
                    ]
                }
            },
            {
                "links" : [
                ],
                "recordType" : "DATE",
                "recordDate" : 1395547200000,
                "overAmount" : 3195,
                "shortAmount" : -304.6191,
                "currencyCode" : "USD",
                "hyperMediaContent" : {
                    "linkRDO" : [
                    ]
                }
            },
            {
                "links" : [
                ],
                "recordType" : "OLDER",
                "recordDate" : null,
                "overAmount" : 243312.5032,
                "shortAmount" : -1085825.8037,
                "currencyCode" : "USD",
                "hyperMediaContent" : {
                    "linkRDO" : [
                    ]
                }
            },
            {
                "links" : [
                ],
                "recordType" : "ALL",
                "recordDate" : null,
                "overAmount" : 253357.1362,
                "shortAmount" : -1332173.9111,
                "currencyCode" : "USD",
                "hyperMediaContent" : {
                    "linkRDO" : [
                    ]
                }
            }
        ],
        "hyperMediaContent" : {
            "linkRDO" : [
            ]
        }
    },
    "summaryError" : {
        "links" : [
        ],
        "storeCount" : 31,
        "results" : [
            {
                "links" : [
                ],
                "recordType" : "DATE",
                "recordDate" : 1395892800000,
                "errorCount" : 0,
                "hyperMediaContent" : {
                    "linkRDO" : [
                    ]
                }
            },
            {
                "links" : [
                ],
                "recordType" : "DATE",
                "recordDate" : 1395806400000,
                "errorCount" : 4,
                "hyperMediaContent" : {
                    "linkRDO" : [
                    ]
                }
            },
            {
                "links" : [
                ],
                "recordType" : "DATE",
                "recordDate" : 1395720000000,
                "errorCount" : 11,
                "hyperMediaContent" : {
                    "linkRDO" : [
                    ]
                }
            },
            {
                "links" : [
                ],
                "recordType" : "DATE",
                "recordDate" : 1395633600000,
                "errorCount" : 48,
                "hyperMediaContent" : {
                    "linkRDO" : [
                    ]
                }
            },
            {
                "links" : [
                ],
                "recordType" : "DATE",
                "recordDate" : 1395547200000,
                "errorCount" : 14,
                "hyperMediaContent" : {
                    "linkRDO" : [
                    ]
                }
            },
            {
                "links" : [
                ],
                "recordType" : "OLDER",
                "recordDate" : null,
                "errorCount" : 668,
                "hyperMediaContent" : {
                    "linkRDO" : [
                    ]
                }
            },
            {
                "links" : [
                ],
                "recordType" : "ALL",
                "recordDate" : null,
                "errorCount" : 745,
                "hyperMediaContent" : {
                    "linkRDO" : [
                    ]
                }
            }
        ],
        "hyperMediaContent" : {
            "linkRDO" : [
            ]
        }
    }
}