{
    "storeDays" : {
        "links" : [
        ],
        "totalRecordCount" : 28,
        "results" : [
            {
                "links" : [
                ],
                "store" : 222,
                "storeDaySeqNo" : 400403,
                "auditors" : "AUDITOR_MANAGER,FINANCE_MANAGER",
                "businessDate" : 1395806400000,
                "storeName" : "222str",
                "chain" : 1,
                "chainName" : "RMS Chain",
                "dataStatus" : "P",
                "dataStatusDesc" : "Partially Loaded",
                "auditStatus" : "R",
                "auditStatusDesc" : "Re-Totaling/Auditing Required",
                "auditChangedDateTime" : 1424931754000,
                "fuelStatus" : null,
                "fuelStatusDesc" : null,
                "overShortAmount" : 0,
                "currencyCode" : "USD",
                "errorCount" : 0,
                "transactionCount" : 1,
                "loadedFileCount" : null,
                "expectedFileCount" : null,
                "hyperMediaContent" : {
                    "linkRDO" : [
                    ]
                }
            },
            {
                "links" : [
                ],
                "store" : 223,
                "storeDaySeqNo" : 400406,
                "auditors" : "AUDITOR_MANAGER,FINANCE_MANAGER",
                "businessDate" : 1395906400001,
                "storeName" : "223franchise",
                "chain" : 1,
                "chainName" : "RMS Chain",
                "dataStatus" : "R",
                "dataStatusDesc" : "Ready for Import",
                "auditStatus" : "U",
                "auditStatusDesc" : "Unaudited",
                "auditChangedDateTime" : null,
                "fuelStatus" : null,
                "fuelStatusDesc" : null,
                "overShortAmount" : 0,
                "currencyCode" : "USD",
                "errorCount" : 0,
                "transactionCount" : 0,
                "loadedFileCount" : null,
                "expectedFileCount" : null,
                "hyperMediaContent" : {
                    "linkRDO" : [
                    ]
                }
            },
            {
                "links" : [
                ],
                "store" : 333333,
                "storeDaySeqNo" : 260412,
                "auditors" : "AUDITOR_MANAGER,FINANCE_MANAGER",
                "businessDate" : 1396006400002,
                "storeName" : "A's Comp Virtual Store",
                "chain" : 1,
                "chainName" : "RMS Chain",
                "dataStatus" : "R",
                "dataStatusDesc" : "Ready for Import",
                "auditStatus" : "U",
                "auditStatusDesc" : "Unaudited",
                "auditChangedDateTime" : null,
                "fuelStatus" : null,
                "fuelStatusDesc" : null,
                "overShortAmount" : 0,
                "currencyCode" : "USD",
                "errorCount" : 0,
                "transactionCount" : 0,
                "loadedFileCount" : null,
                "expectedFileCount" : null,
                "hyperMediaContent" : {
                    "linkRDO" : [
                    ]
                }
            },
            {
                "links" : [
                ],
                "store" : 111111,
                "storeDaySeqNo" : 400401,
                "auditors" : "AUDITOR,AUDITOR_MANAGER",
                "businessDate" : 1396106400003,
                "storeName" : "A's Resa Store",
                "chain" : 1,
                "chainName" : "RMS Chain",
                "dataStatus" : "R",
                "dataStatusDesc" : "Ready for Import",
                "auditStatus" : "U",
                "auditStatusDesc" : "Unaudited",
                "auditChangedDateTime" : null,
                "fuelStatus" : null,
                "fuelStatusDesc" : null,
                "overShortAmount" : 0,
                "currencyCode" : "USD",
                "errorCount" : 0,
                "transactionCount" : 0,
                "loadedFileCount" : null,
                "expectedFileCount" : null,
                "hyperMediaContent" : {
                    "linkRDO" : [
                    ]
                }
            },
            {
                "links" : [
                ],
                "store" : 222222,
                "storeDaySeqNo" : 260417,
                "auditors" : "AUDITOR_MANAGER,FINANCE_MANAGER",
                "businessDate" : 1396206400004,
                "storeName" : "A's Resa TTAX Store",
                "chain" : 1,
                "chainName" : "RMS Chain",
                "dataStatus" : "R",
                "dataStatusDesc" : "Ready for Import",
                "auditStatus" : "U",
                "auditStatusDesc" : "Unaudited",
                "auditChangedDateTime" : null,
                "fuelStatus" : null,
                "fuelStatusDesc" : null,
                "overShortAmount" : 0,
                "currencyCode" : "USD",
                "errorCount" : 0,
                "transactionCount" : 0,
                "loadedFileCount" : null,
                "expectedFileCount" : null,
                "hyperMediaContent" : {
                    "linkRDO" : [
                    ]
                }
            },
            {
                "links" : [
                ],
                "store" : 255424290,
                "storeDaySeqNo" : 260401,
                "auditors" : "AUDITOR_MANAGER,FINANCE_MANAGER",
                "businessDate" : 1396306400005,
                "storeName" : "ALLOC_QA_Store_2_255424290",
                "chain" : 541647430,
                "chainName" : "ALLOC_QA_Chain_541647430",
                "dataStatus" : "R",
                "dataStatusDesc" : "Ready for Import",
                "auditStatus" : "U",
                "auditStatusDesc" : "Unaudited",
                "auditChangedDateTime" : null,
                "fuelStatus" : null,
                "fuelStatusDesc" : null,
                "overShortAmount" : 0,
                "currencyCode" : "USD",
                "errorCount" : 0,
                "transactionCount" : 0,
                "loadedFileCount" : null,
                "expectedFileCount" : null,
                "hyperMediaContent" : {
                    "linkRDO" : [
                    ]
                }
            },
            {
                "links" : [
                ],
                "store" : 555742180,
                "storeDaySeqNo" : 260409,
                "auditors" : "AUDITOR_MANAGER,FINANCE_MANAGER",
                "businessDate" : 1396406400006,
                "storeName" : "ALLOC_QA_Store_4_Franchise_555742180",
                "chain" : 541647430,
                "chainName" : "ALLOC_QA_Chain_541647430",
                "dataStatus" : "R",
                "dataStatusDesc" : "Ready for Import",
                "auditStatus" : "U",
                "auditStatusDesc" : "Unaudited",
                "auditChangedDateTime" : null,
                "fuelStatus" : null,
                "fuelStatusDesc" : null,
                "overShortAmount" : 0,
                "currencyCode" : "USD",
                "errorCount" : 0,
                "transactionCount" : 0,
                "loadedFileCount" : null,
                "expectedFileCount" : null,
                "hyperMediaContent" : {
                    "linkRDO" : [
                    ]
                }
            },
            {
                "links" : [
                ],
                "store" : 32323,
                "storeDaySeqNo" : 400404,
                "auditors" : "AUDITOR_MANAGER,FINANCE_MANAGER",
                "businessDate" : 1396506400007,
                "storeName" : "Compnay T",
                "chain" : 1,
                "chainName" : "RMS Chain",
                "dataStatus" : "R",
                "dataStatusDesc" : "Ready for Import",
                "auditStatus" : "U",
                "auditStatusDesc" : "Unaudited",
                "auditChangedDateTime" : null,
                "fuelStatus" : null,
                "fuelStatusDesc" : null,
                "overShortAmount" : 0,
                "currencyCode" : "USD",
                "errorCount" : 0,
                "transactionCount" : 0,
                "loadedFileCount" : null,
                "expectedFileCount" : null,
                "hyperMediaContent" : {
                    "linkRDO" : [
                    ]
                }
            },
            {
                "links" : [
                ],
                "store" : 2222222222,
                "storeDaySeqNo" : 260405,
                "auditors" : "AUDITOR_MANAGER,FINANCE_MANAGER",
                "businessDate" : 1396606400008,
                "storeName" : "Long store name ABCDEFGHIJKLMNOPQRSTUVWXYZ",
                "chain" : 1,
                "chainName" : "RMS Chain",
                "dataStatus" : "P",
                "dataStatusDesc" : "Partially Loaded",
                "auditStatus" : "R",
                "auditStatusDesc" : "Re-Totaling/Auditing Required",
                "auditChangedDateTime" : 1416819807000,
                "fuelStatus" : null,
                "fuelStatusDesc" : null,
                "overShortAmount" : -260405,
                "currencyCode" : "INR",
                "errorCount" : 4,
                "transactionCount" : 3,
                "loadedFileCount" : 3,
                "expectedFileCount" : null,
                "hyperMediaContent" : {
                    "linkRDO" : [
                    ]
                }
            },
            {
                "links" : [
                ],
                "store" : 959686988,
                "storeDaySeqNo" : 260429,
                "auditors" : "AUDITOR_MANAGER,FINANCE_MANAGER",
                "businessDate" : 1396706400009,
                "storeName" : "ReIM_A_Company Store, With VAT Region 1000, Stockholding = Y_1_959686988",
                "chain" : 739596867,
                "chainName" : "ReIM_A_Chain_739596867",
                "dataStatus" : "R",
                "dataStatusDesc" : "Ready for Import",
                "auditStatus" : "U",
                "auditStatusDesc" : "Unaudited",
                "auditChangedDateTime" : null,
                "fuelStatus" : null,
                "fuelStatusDesc" : null,
                "overShortAmount" : 0,
                "currencyCode" : "USD",
                "errorCount" : 0,
                "transactionCount" : 0,
                "loadedFileCount" : null,
                "expectedFileCount" : null,
                "hyperMediaContent" : {
                    "linkRDO" : [
                    ]
                }
            },
            {
                "links" : [
                ],
                "store" : 533842923,
                "storeDaySeqNo" : 260418,
                "auditors" : "AUDITOR_MANAGER,FINANCE_MANAGER",
                "businessDate" : 1396806400010,
                "storeName" : "ReIM_A_Franchise Store, With VAT Region 1000, Stockholding = Y_2_533842923",
                "chain" : 1,
                "chainName" : "RMS Chain",
                "dataStatus" : "R",
                "dataStatusDesc" : "Ready for Import",
                "auditStatus" : "U",
                "auditStatusDesc" : "Unaudited",
                "auditChangedDateTime" : null,
                "fuelStatus" : null,
                "fuelStatusDesc" : null,
                "overShortAmount" : 0,
                "currencyCode" : "USD",
                "errorCount" : 0,
                "transactionCount" : 0,
                "loadedFileCount" : null,
                "expectedFileCount" : null,
                "hyperMediaContent" : {
                    "linkRDO" : [
                    ]
                }
            },
            {
                "links" : [
                ],
                "store" : 1000000002,
                "storeDaySeqNo" : 260419,
                "auditors" : "AUDITOR_MANAGER,FINANCE_MANAGER",
                "businessDate" : 1396906400020,
                "storeName" : "ReSA Comp Fuel Store USD",
                "chain" : 1,
                "chainName" : "RMS Chain",
                "dataStatus" : "R",
                "dataStatusDesc" : "Ready for Import",
                "auditStatus" : "U",
                "auditStatusDesc" : "Unaudited",
                "auditChangedDateTime" : null,
                "fuelStatus" : "W",
                "fuelStatusDesc" : "Worksheet",
                "overShortAmount" : 0,
                "currencyCode" : "USD",
                "errorCount" : 0,
                "transactionCount" : 0,
                "loadedFileCount" : null,
                "expectedFileCount" : null,
                "hyperMediaContent" : {
                    "linkRDO" : [
                    ]
                }
            },
            {
                "links" : [
                ],
                "store" : 1000000003,
                "storeDaySeqNo" : 260422,
                "auditors" : "AUDITOR_MANAGER,FINANCE_MANAGER",
                "businessDate" : 1397006400030,
                "storeName" : "ReSA Comp Non STK USD",
                "chain" : 1,
                "chainName" : "RMS Chain",
                "dataStatus" : "R",
                "dataStatusDesc" : "Ready for Import",
                "auditStatus" : "U",
                "auditStatusDesc" : "Unaudited",
                "auditChangedDateTime" : null,
                "fuelStatus" : null,
                "fuelStatusDesc" : null,
                "overShortAmount" : 0,
                "currencyCode" : "USD",
                "errorCount" : 0,
                "transactionCount" : 0,
                "loadedFileCount" : null,
                "expectedFileCount" : null,
                "hyperMediaContent" : {
                    "linkRDO" : [
                    ]
                }
            },
            {
                "links" : [
                ],
                "store" : 1000000000,
                "storeDaySeqNo" : 260406,
                "auditors" : "AUDITOR,AUDITOR_MANAGER",
                "businessDate" : 1397106400040,
                "storeName" : "ReSA Comp Store IGTAX USD",
                "chain" : 1,
                "chainName" : "RMS Chain",
                "dataStatus" : "R",
                "dataStatusDesc" : "Ready for Import",
                "auditStatus" : "U",
                "auditStatusDesc" : "Unaudited",
                "auditChangedDateTime" : null,
                "fuelStatus" : null,
                "fuelStatusDesc" : null,
                "overShortAmount" : 0,
                "currencyCode" : "USD",
                "errorCount" : 0,
                "transactionCount" : 0,
                "loadedFileCount" : null,
                "expectedFileCount" : null,
                "hyperMediaContent" : {
                    "linkRDO" : [
                    ]
                }
            },
            {
                "links" : [
                ],
                "store" : 1000000001,
                "storeDaySeqNo" : 260433,
                "auditors" : "AUDITOR,AUDITOR_MANAGER",
                "businessDate" : 1397206400050,
                "storeName" : "ReSA Comp TTAX Store USD",
                "chain" : 1,
                "chainName" : "RMS Chain",
                "dataStatus" : "L",
                "dataStatusDesc" : "Loading",
                "auditStatus" : "U",
                "auditStatusDesc" : "Unaudited",
                "auditChangedDateTime" : null,
                "fuelStatus" : null,
                "fuelStatusDesc" : null,
                "overShortAmount" : 0,
                "currencyCode" : "USD",
                "errorCount" : 0,
                "transactionCount" : 0,
                "loadedFileCount" : null,
                "expectedFileCount" : null,
                "hyperMediaContent" : {
                    "linkRDO" : [
                    ]
                }
            },
            {
                "links" : [
                ],
                "store" : 1000000004,
                "storeDaySeqNo" : 260426,
                "auditors" : "AUDITOR_MANAGER,FINANCE_MANAGER",
                "businessDate" : 1397306400060,
                "storeName" : "ReSA Franchise Store USD",
                "chain" : 1,
                "chainName" : "RMS Chain",
                "dataStatus" : "R",
                "dataStatusDesc" : "Ready for Import",
                "auditStatus" : "U",
                "auditStatusDesc" : "Unaudited",
                "auditChangedDateTime" : null,
                "fuelStatus" : null,
                "fuelStatusDesc" : null,
                "overShortAmount" : 0,
                "currencyCode" : "USD",
                "errorCount" : 0,
                "transactionCount" : 0,
                "loadedFileCount" : null,
                "expectedFileCount" : null,
                "hyperMediaContent" : {
                    "linkRDO" : [
                    ]
                }
            },
            {
                "links" : [
                ],
                "store" : 2221,
                "storeDaySeqNo" : 260432,
                "auditors" : "AUDITOR_MANAGER,FINANCE_MANAGER",
                "businessDate" : 1397406400070,
                "storeName" : "Store 1",
                "chain" : 1,
                "chainName" : "RMS Chain",
                "dataStatus" : "R",
                "dataStatusDesc" : "Ready for Import",
                "auditStatus" : "U",
                "auditStatusDesc" : "Unaudited",
                "auditChangedDateTime" : null,
                "fuelStatus" : null,
                "fuelStatusDesc" : null,
                "overShortAmount" : 0,
                "currencyCode" : "USD",
                "errorCount" : 0,
                "transactionCount" : 0,
                "loadedFileCount" : null,
                "expectedFileCount" : null,
                "hyperMediaContent" : {
                    "linkRDO" : [
                    ]
                }
            },
            {
                "links" : [
                ],
                "store" : 111,
                "storeDaySeqNo" : 260421,
                "auditors" : "AUDITOR_MANAGER,FINANCE_MANAGER",
                "businessDate" : 1397506400080,
                "storeName" : "Store 1 Alloc Testing",
                "chain" : 1,
                "chainName" : "RMS Chain",
                "dataStatus" : "R",
                "dataStatusDesc" : "Ready for Import",
                "auditStatus" : "U",
                "auditStatusDesc" : "Unaudited",
                "auditChangedDateTime" : null,
                "fuelStatus" : null,
                "fuelStatusDesc" : null,
                "overShortAmount" : 0,
                "currencyCode" : "USD",
                "errorCount" : 0,
                "transactionCount" : 0,
                "loadedFileCount" : null,
                "expectedFileCount" : null,
                "hyperMediaContent" : {
                    "linkRDO" : [
                    ]
                }
            },
            {
                "links" : [
                ],
                "store" : 2222,
                "storeDaySeqNo" : 260407,
                "auditors" : "AUDITOR_MANAGER,FINANCE_MANAGER",
                "businessDate" : 1397606400090,
                "storeName" : "Store 2",
                "chain" : 1,
                "chainName" : "RMS Chain",
                "dataStatus" : "R",
                "dataStatusDesc" : "Ready for Import",
                "auditStatus" : "U",
                "auditStatusDesc" : "Unaudited",
                "auditChangedDateTime" : null,
                "fuelStatus" : null,
                "fuelStatusDesc" : null,
                "overShortAmount" : 0,
                "currencyCode" : "USD",
                "errorCount" : 0,
                "transactionCount" : 0,
                "loadedFileCount" : null,
                "expectedFileCount" : null,
                "hyperMediaContent" : {
                    "linkRDO" : [
                    ]
                }
            },
            {
                "links" : [
                ],
                "store" : 112,
                "storeDaySeqNo" : 260402,
                "auditors" : "AUDITOR_MANAGER,FINANCE_MANAGER",
                "businessDate" : 1397706400100,
                "storeName" : "Store 2 Alloc Testing",
                "chain" : 1,
                "chainName" : "RMS Chain",
                "dataStatus" : "R",
                "dataStatusDesc" : "Ready for Import",
                "auditStatus" : "U",
                "auditStatusDesc" : "Unaudited",
                "auditChangedDateTime" : null,
                "fuelStatus" : null,
                "fuelStatusDesc" : null,
                "overShortAmount" : 0,
                "currencyCode" : "USD",
                "errorCount" : 0,
                "transactionCount" : 0,
                "loadedFileCount" : null,
                "expectedFileCount" : null,
                "hyperMediaContent" : {
                    "linkRDO" : [
                    ]
                }
            },
            {
                "links" : [
                ],
                "store" : 2223,
                "storeDaySeqNo" : 260428,
                "auditors" : "AUDITOR_MANAGER,FINANCE_MANAGER",
                "businessDate" : 1397806400200,
                "storeName" : "Store 3",
                "chain" : 1,
                "chainName" : "RMS Chain",
                "dataStatus" : "R",
                "dataStatusDesc" : "Ready for Import",
                "auditStatus" : "U",
                "auditStatusDesc" : "Unaudited",
                "auditChangedDateTime" : null,
                "fuelStatus" : null,
                "fuelStatusDesc" : null,
                "overShortAmount" : 0,
                "currencyCode" : "USD",
                "errorCount" : 0,
                "transactionCount" : 0,
                "loadedFileCount" : null,
                "expectedFileCount" : null,
                "hyperMediaContent" : {
                    "linkRDO" : [
                    ]
                }
            },
            {
                "links" : [
                ],
                "store" : 113,
                "storeDaySeqNo" : 260424,
                "auditors" : "AUDITOR_MANAGER,FINANCE_MANAGER",
                "businessDate" : 1397906400300,
                "storeName" : "Store 3 Alloc Testing",
                "chain" : 1,
                "chainName" : "RMS Chain",
                "dataStatus" : "R",
                "dataStatusDesc" : "Ready for Import",
                "auditStatus" : "U",
                "auditStatusDesc" : "Unaudited",
                "auditChangedDateTime" : null,
                "fuelStatus" : null,
                "fuelStatusDesc" : null,
                "overShortAmount" : 0,
                "currencyCode" : "USD",
                "errorCount" : 0,
                "transactionCount" : 0,
                "loadedFileCount" : null,
                "expectedFileCount" : null,
                "hyperMediaContent" : {
                    "linkRDO" : [
                    ]
                }
            },
            {
                "links" : [
                ],
                "store" : 2224,
                "storeDaySeqNo" : 260410,
                "auditors" : "AUDITOR_MANAGER,FINANCE_MANAGER",
                "businessDate" : 1398006400400,
                "storeName" : "Store 4",
                "chain" : 1,
                "chainName" : "RMS Chain",
                "dataStatus" : "R",
                "dataStatusDesc" : "Ready for Import",
                "auditStatus" : "U",
                "auditStatusDesc" : "Unaudited",
                "auditChangedDateTime" : null,
                "fuelStatus" : null,
                "fuelStatusDesc" : null,
                "overShortAmount" : 0,
                "currencyCode" : "USD",
                "errorCount" : 0,
                "transactionCount" : 0,
                "loadedFileCount" : null,
                "expectedFileCount" : null,
                "hyperMediaContent" : {
                    "linkRDO" : [
                    ]
                }
            },
            {
                "links" : [
                ],
                "store" : 114,
                "storeDaySeqNo" : 260431,
                "auditors" : "AUDITOR_MANAGER,FINANCE_MANAGER",
                "businessDate" : 1398106400500,
                "storeName" : "Store 4 Alloc Testing",
                "chain" : 1,
                "chainName" : "RMS Chain",
                "dataStatus" : "R",
                "dataStatusDesc" : "Ready for Import",
                "auditStatus" : "U",
                "auditStatusDesc" : "Unaudited",
                "auditChangedDateTime" : null,
                "fuelStatus" : null,
                "fuelStatusDesc" : null,
                "overShortAmount" : 0,
                "currencyCode" : "USD",
                "errorCount" : 0,
                "transactionCount" : 0,
                "loadedFileCount" : null,
                "expectedFileCount" : null,
                "hyperMediaContent" : {
                    "linkRDO" : [
                    ]
                }
            },
            {
                "links" : [
                ],
                "store" : 2225,
                "storeDaySeqNo" : 260413,
                "auditors" : "AUDITOR_MANAGER,FINANCE_MANAGER",
                "businessDate" : 1398206400600,
                "storeName" : "Store 5",
                "chain" : 1,
                "chainName" : "RMS Chain",
                "dataStatus" : "R",
                "dataStatusDesc" : "Ready for Import",
                "auditStatus" : "U",
                "auditStatusDesc" : "Unaudited",
                "auditChangedDateTime" : null,
                "fuelStatus" : null,
                "fuelStatusDesc" : null,
                "overShortAmount" : 0,
                "currencyCode" : "USD",
                "errorCount" : 0,
                "transactionCount" : 0,
                "loadedFileCount" : null,
                "expectedFileCount" : null,
                "hyperMediaContent" : {
                    "linkRDO" : [
                    ]
                }
            },
            {
                "links" : [
                ],
                "store" : 115,
                "storeDaySeqNo" : 260416,
                "auditors" : "AUDITOR_MANAGER,FINANCE_MANAGER",
                "businessDate" : 1398306400700,
                "storeName" : "Store 5 Alloc Testing",
                "chain" : 1,
                "chainName" : "RMS Chain",
                "dataStatus" : "R",
                "dataStatusDesc" : "Ready for Import",
                "auditStatus" : "U",
                "auditStatusDesc" : "Unaudited",
                "auditChangedDateTime" : null,
                "fuelStatus" : null,
                "fuelStatusDesc" : null,
                "overShortAmount" : 0,
                "currencyCode" : "USD",
                "errorCount" : 0,
                "transactionCount" : 0,
                "loadedFileCount" : null,
                "expectedFileCount" : null,
                "hyperMediaContent" : {
                    "linkRDO" : [
                    ]
                }
            },
            {
                "links" : [
                ],
                "store" : 12112,
                "storeDaySeqNo" : 400405,
                "auditors" : "AUDITOR_MANAGER,FINANCE_MANAGER",
                "businessDate" : 1398406400800,
                "storeName" : "Store T",
                "chain" : 1,
                "chainName" : "RMS Chain",
                "dataStatus" : "R",
                "dataStatusDesc" : "Ready for Import",
                "auditStatus" : "U",
                "auditStatusDesc" : "Unaudited",
                "auditChangedDateTime" : null,
                "fuelStatus" : null,
                "fuelStatusDesc" : null,
                "overShortAmount" : 0,
                "currencyCode" : "USD",
                "errorCount" : 0,
                "transactionCount" : 0,
                "loadedFileCount" : null,
                "expectedFileCount" : null,
                "hyperMediaContent" : {
                    "linkRDO" : [
                    ]
                }
            },
            {
                "links" : [
                ],
                "store" : 1011,
                "storeDaySeqNo" : 400402,
                "auditors" : "AUDITOR_MANAGER,FINANCE_MANAGER",
                "businessDate" : 1398506400900,
                "storeName" : "Test_Store_1011",
                "chain" : 1,
                "chainName" : "RMS Chain",
                "dataStatus" : "R",
                "dataStatusDesc" : "Ready for Import",
                "auditStatus" : "U",
                "auditStatusDesc" : "Unaudited",
                "auditChangedDateTime" : null,
                "fuelStatus" : null,
                "fuelStatusDesc" : null,
                "overShortAmount" : 0,
                "currencyCode" : "USD",
                "errorCount" : 0,
                "transactionCount" : 0,
                "loadedFileCount" : null,
                "expectedFileCount" : null,
                "hyperMediaContent" : {
                    "linkRDO" : [
                    ]
                }
            }
        ],
        "hyperMediaContent" : {
            "linkRDO" : [
            ]
        }
    },
    "storeDateInd" : [
        [
            {
                "links" : [
                ],
                "recordType" : "DATE",
                "recordDate" : 1395892800000,
                "valueIndicator" : 0,
                "hyperMediaContent" : {
                    "linkRDO" : [
                    ]
                }
            },
            {
                "links" : [
                ],
                "recordType" : "DATE",
                "recordDate" : 1395806400000,
                "valueIndicator" : 1,
                "hyperMediaContent" : {
                    "linkRDO" : [
                    ]
                }
            },
            {
                "links" : [
                ],
                "recordType" : "DATE",
                "recordDate" : 1395720000000,
                "valueIndicator" : 0,
                "hyperMediaContent" : {
                    "linkRDO" : [
                    ]
                }
            },
            {
                "links" : [
                ],
                "recordType" : "DATE",
                "recordDate" : 1395633600000,
                "valueIndicator" : 0,
                "hyperMediaContent" : {
                    "linkRDO" : [
                    ]
                }
            },
            {
                "links" : [
                ],
                "recordType" : "DATE",
                "recordDate" : 1395547200000,
                "valueIndicator" : 0,
                "hyperMediaContent" : {
                    "linkRDO" : [
                    ]
                }
            },
            {
                "links" : [
                ],
                "recordType" : "OLDER",
                "recordDate" : null,
                "valueIndicator" : 0,
                "hyperMediaContent" : {
                    "linkRDO" : [
                    ]
                }
            },
            {
                "links" : [
                ],
                "recordType" : "ALL",
                "recordDate" : null,
                "valueIndicator" : 1,
                "hyperMediaContent" : {
                    "linkRDO" : [
                    ]
                }
            }
        ],
        [
            {
                "links" : [
                ],
                "recordType" : "DATE",
                "recordDate" : 1395892800000,
                "valueIndicator" : 0,
                "hyperMediaContent" : {
                    "linkRDO" : [
                    ]
                }
            },
            {
                "links" : [
                ],
                "recordType" : "DATE",
                "recordDate" : 1395806400000,
                "valueIndicator" : 1,
                "hyperMediaContent" : {
                    "linkRDO" : [
                    ]
                }
            },
            {
                "links" : [
                ],
                "recordType" : "DATE",
                "recordDate" : 1395720000000,
                "valueIndicator" : 0,
                "hyperMediaContent" : {
                    "linkRDO" : [
                    ]
                }
            },
            {
                "links" : [
                ],
                "recordType" : "DATE",
                "recordDate" : 1395633600000,
                "valueIndicator" : 0,
                "hyperMediaContent" : {
                    "linkRDO" : [
                    ]
                }
            },
            {
                "links" : [
                ],
                "recordType" : "DATE",
                "recordDate" : 1395547200000,
                "valueIndicator" : 0,
                "hyperMediaContent" : {
                    "linkRDO" : [
                    ]
                }
            },
            {
                "links" : [
                ],
                "recordType" : "OLDER",
                "recordDate" : null,
                "valueIndicator" : 0,
                "hyperMediaContent" : {
                    "linkRDO" : [
                    ]
                }
            },
            {
                "links" : [
                ],
                "recordType" : "ALL",
                "recordDate" : null,
                "valueIndicator" : 1,
                "hyperMediaContent" : {
                    "linkRDO" : [
                    ]
                }
            }
        ],
        [
            {
                "links" : [
                ],
                "recordType" : "DATE",
                "recordDate" : 1395892800000,
                "valueIndicator" : 0,
                "hyperMediaContent" : {
                    "linkRDO" : [
                    ]
                }
            },
            {
                "links" : [
                ],
                "recordType" : "DATE",
                "recordDate" : 1395806400000,
                "valueIndicator" : 1,
                "hyperMediaContent" : {
                    "linkRDO" : [
                    ]
                }
            },
            {
                "links" : [
                ],
                "recordType" : "DATE",
                "recordDate" : 1395720000000,
                "valueIndicator" : 1,
                "hyperMediaContent" : {
                    "linkRDO" : [
                    ]
                }
            },
            {
                "links" : [
                ],
                "recordType" : "DATE",
                "recordDate" : 1395633600000,
                "valueIndicator" : 1,
                "hyperMediaContent" : {
                    "linkRDO" : [
                    ]
                }
            },
            {
                "links" : [
                ],
                "recordType" : "DATE",
                "recordDate" : 1395547200000,
                "valueIndicator" : 1,
                "hyperMediaContent" : {
                    "linkRDO" : [
                    ]
                }
            },
            {
                "links" : [
                ],
                "recordType" : "OLDER",
                "recordDate" : null,
                "valueIndicator" : 1,
                "hyperMediaContent" : {
                    "linkRDO" : [
                    ]
                }
            },
            {
                "links" : [
                ],
                "recordType" : "ALL",
                "recordDate" : null,
                "valueIndicator" : 1,
                "hyperMediaContent" : {
                    "linkRDO" : [
                    ]
                }
            }
        ]
    ],
    "storeErrors" : [
        [
        ],
        [
        ],
        [
            {
                "links" : [
                ],
                "store" : 333333,
                "errorCode" : "INVLD_TENDER_ENDING",
                "errorDesc" : "Invalid Tender Ending.",
                "errorPercentage" : 0.6,
                "hyperMediaContent" : {
                    "linkRDO" : [
                    ]
                }
            },
            {
                "links" : [
                ],
                "store" : 333333,
                "errorCode" : "TRAN_OUT_BAL",
                "errorDesc" : "Transaction is out of balance. The total of the items and payment amount does not equal the total of the tenders.",
                "errorPercentage" : 0.4,
                "hyperMediaContent" : {
                    "linkRDO" : [
                    ]
                }
            }
        ]
    ],
    "storeAggregations" : {
        "links" : [
        ],
        "totalRecordCount" : 28,
        "results" : [
            {
                "links" : [
                ],
                "store" : 222,
                "storeName" : "222str",
                "chain" : 1,
                "chainName" : "RMS Chain",
                "auditors" : "AUDITOR_MANAGER,FINANCE_MANAGER",
                "openDays" : 1,
                "overDays" : 0,
                "shortDays" : 0,
                "overAmount" : 0,
                "shortAmount" : 0,
                "currencyCode" : "USD",
                "errorCount" : 0,
                "hyperMediaContent" : {
                    "linkRDO" : [
                    ]
                }
            },
            {
                "links" : [
                ],
                "store" : 223,
                "storeName" : "223franchise",
                "chain" : 1,
                "chainName" : "RMS Chain",
                "auditors" : "AUDITOR_MANAGER,FINANCE_MANAGER",
                "openDays" : 1,
                "overDays" : 0,
                "shortDays" : 0,
                "overAmount" : 0,
                "shortAmount" : 0,
                "currencyCode" : "USD",
                "errorCount" : 0,
                "hyperMediaContent" : {
                    "linkRDO" : [
                    ]
                }
            },
            {
                "links" : [
                ],
                "store" : 333333,
                "storeName" : "A's Comp Virtual Store",
                "chain" : 1,
                "chainName" : "RMS Chain",
                "auditors" : "AUDITOR_MANAGER,FINANCE_MANAGER",
                "openDays" : 9,
                "overDays" : 0,
                "shortDays" : 2,
                "overAmount" : 0,
                "shortAmount" : -805,
                "currencyCode" : "USD",
                "errorCount" : 5,
                "hyperMediaContent" : {
                    "linkRDO" : [
                    ]
                }
            },
            {
                "links" : [
                ],
                "store" : 111111,
                "storeName" : "A's Resa Store",
                "chain" : 1,
                "chainName" : "RMS Chain",
                "auditors" : "AUDITOR,AUDITOR_MANAGER",
                "openDays" : 18,
                "overDays" : 0,
                "shortDays" : 5,
                "overAmount" : 0,
                "shortAmount" : -581867,
                "currencyCode" : "USD",
                "errorCount" : 341,
                "hyperMediaContent" : {
                    "linkRDO" : [
                    ]
                }
            },
            {
                "links" : [
                ],
                "store" : 222222,
                "storeName" : "A's Resa TTAX Store",
                "chain" : 1,
                "chainName" : "RMS Chain",
                "auditors" : "AUDITOR_MANAGER,FINANCE_MANAGER",
                "openDays" : 21,
                "overDays" : 4,
                "shortDays" : 4,
                "overAmount" : 18068,
                "shortAmount" : -241048,
                "currencyCode" : "USD",
                "errorCount" : 144,
                "hyperMediaContent" : {
                    "linkRDO" : [
                    ]
                }
            },
            {
                "links" : [
                ],
                "store" : 255424290,
                "storeName" : "ALLOC_QA_Store_2_255424290",
                "chain" : 541647430,
                "chainName" : "ALLOC_QA_Chain_541647430",
                "auditors" : "AUDITOR_MANAGER,FINANCE_MANAGER",
                "openDays" : 32,
                "overDays" : 0,
                "shortDays" : 1,
                "overAmount" : 0,
                "shortAmount" : -80202,
                "currencyCode" : "USD",
                "errorCount" : 2,
                "hyperMediaContent" : {
                    "linkRDO" : [
                    ]
                }
            },
            {
                "links" : [
                ],
                "store" : 555742180,
                "storeName" : "ALLOC_QA_Store_4_Franchise_555742180",
                "chain" : 541647430,
                "chainName" : "ALLOC_QA_Chain_541647430",
                "auditors" : "AUDITOR_MANAGER,FINANCE_MANAGER",
                "openDays" : 35,
                "overDays" : 0,
                "shortDays" : 0,
                "overAmount" : 0,
                "shortAmount" : 0,
                "currencyCode" : "USD",
                "errorCount" : 0,
                "hyperMediaContent" : {
                    "linkRDO" : [
                    ]
                }
            },
            {
                "links" : [
                ],
                "store" : 32323,
                "storeName" : "Compnay T",
                "chain" : 1,
                "chainName" : "RMS Chain",
                "auditors" : "AUDITOR_MANAGER,FINANCE_MANAGER",
                "openDays" : 2,
                "overDays" : 0,
                "shortDays" : 0,
                "overAmount" : 0,
                "shortAmount" : 0,
                "currencyCode" : "USD",
                "errorCount" : 0,
                "hyperMediaContent" : {
                    "linkRDO" : [
                    ]
                }
            },
            {
                "links" : [
                ],
                "store" : 2222222222,
                "storeName" : "Long store name ABCDEFGHIJKLMNOPQRSTUVWXYZ",
                "chain" : 1,
                "chainName" : "RMS Chain",
                "auditors" : "AUDITOR_MANAGER,FINANCE_MANAGER",
                "openDays" : 22,
                "overDays" : 3,
                "shortDays" : 5,
                "overAmount" : 1515,
                "shortAmount" : -703213,
                "currencyCode" : "INR",
                "errorCount" : 49,
                "hyperMediaContent" : {
                    "linkRDO" : [
                    ]
                }
            },
            {
                "links" : [
                ],
                "store" : 959686988,
                "storeName" : "ReIM_A_Company Store, With VAT Region 1000, Stockholding = Y_1_959686988",
                "chain" : 739596867,
                "chainName" : "ReIM_A_Chain_739596867",
                "auditors" : "AUDITOR_MANAGER,FINANCE_MANAGER",
                "openDays" : 33,
                "overDays" : 1,
                "shortDays" : 2,
                "overAmount" : 2602,
                "shortAmount" : -160821,
                "currencyCode" : "USD",
                "errorCount" : 6,
                "hyperMediaContent" : {
                    "linkRDO" : [
                    ]
                }
            },
            {
                "links" : [
                ],
                "store" : 533842923,
                "storeName" : "ReIM_A_Franchise Store, With VAT Region 1000, Stockholding = Y_2_533842923",
                "chain" : 1,
                "chainName" : "RMS Chain",
                "auditors" : "AUDITOR_MANAGER,FINANCE_MANAGER",
                "openDays" : 33,
                "overDays" : 1,
                "shortDays" : 0,
                "overAmount" : 1500,
                "shortAmount" : 0,
                "currencyCode" : "USD",
                "errorCount" : 2,
                "hyperMediaContent" : {
                    "linkRDO" : [
                    ]
                }
            },
            {
                "links" : [
                ],
                "store" : 1000000002,
                "storeName" : "ReSA Comp Fuel Store USD",
                "chain" : 1,
                "chainName" : "RMS Chain",
                "auditors" : "AUDITOR_MANAGER,FINANCE_MANAGER",
                "openDays" : 12,
                "overDays" : 0,
                "shortDays" : 0,
                "overAmount" : 0,
                "shortAmount" : 0,
                "currencyCode" : "USD",
                "errorCount" : 0,
                "hyperMediaContent" : {
                    "linkRDO" : [
                    ]
                }
            },
            {
                "links" : [
                ],
                "store" : 1000000003,
                "storeName" : "ReSA Comp Non STK USD",
                "chain" : 1,
                "chainName" : "RMS Chain",
                "auditors" : "AUDITOR_MANAGER,FINANCE_MANAGER",
                "openDays" : 13,
                "overDays" : 3,
                "shortDays" : 0,
                "overAmount" : 556,
                "shortAmount" : 0,
                "currencyCode" : "USD",
                "errorCount" : 28,
                "hyperMediaContent" : {
                    "linkRDO" : [
                    ]
                }
            },
            {
                "links" : [
                ],
                "store" : 1000000000,
                "storeName" : "ReSA Comp Store IGTAX USD",
                "chain" : 1,
                "chainName" : "RMS Chain",
                "auditors" : "AUDITOR,AUDITOR_MANAGER",
                "openDays" : 13,
                "overDays" : 3,
                "shortDays" : 2,
                "overAmount" : 36887,
                "shortAmount" : -506,
                "currencyCode" : "USD",
                "errorCount" : 94,
                "hyperMediaContent" : {
                    "linkRDO" : [
                    ]
                }
            },
            {
                "links" : [
                ],
                "store" : 1000000001,
                "storeName" : "ReSA Comp TTAX Store USD",
                "chain" : 1,
                "chainName" : "RMS Chain",
                "auditors" : "AUDITOR,AUDITOR_MANAGER",
                "openDays" : 12,
                "overDays" : 5,
                "shortDays" : 1,
                "overAmount" : 30296,
                "shortAmount" : -4500,
                "currencyCode" : "USD",
                "errorCount" : 39,
                "hyperMediaContent" : {
                    "linkRDO" : [
                    ]
                }
            },
            {
                "links" : [
                ],
                "store" : 1000000004,
                "storeName" : "ReSA Franchise Store USD",
                "chain" : 1,
                "chainName" : "RMS Chain",
                "auditors" : "AUDITOR_MANAGER,FINANCE_MANAGER",
                "openDays" : 13,
                "overDays" : 2,
                "shortDays" : 2,
                "overAmount" : 160914,
                "shortAmount" : -246580,
                "currencyCode" : "USD",
                "errorCount" : 32,
                "hyperMediaContent" : {
                    "linkRDO" : [
                    ]
                }
            },
            {
                "links" : [
                ],
                "store" : 2221,
                "storeName" : "Store 1",
                "chain" : 1,
                "chainName" : "RMS Chain",
                "auditors" : "AUDITOR_MANAGER,FINANCE_MANAGER",
                "openDays" : 7,
                "overDays" : 0,
                "shortDays" : 0,
                "overAmount" : 0,
                "shortAmount" : 0,
                "currencyCode" : "USD",
                "errorCount" : 0,
                "hyperMediaContent" : {
                    "linkRDO" : [
                    ]
                }
            },
            {
                "links" : [
                ],
                "store" : 111,
                "storeName" : "Store 1 Alloc Testing",
                "chain" : 1,
                "chainName" : "RMS Chain",
                "auditors" : "AUDITOR_MANAGER,FINANCE_MANAGER",
                "openDays" : 6,
                "overDays" : 0,
                "shortDays" : 0,
                "overAmount" : 0,
                "shortAmount" : 0,
                "currencyCode" : "USD",
                "errorCount" : 0,
                "hyperMediaContent" : {
                    "linkRDO" : [
                    ]
                }
            },
            {
                "links" : [
                ],
                "store" : 2222,
                "storeName" : "Store 2",
                "chain" : 1,
                "chainName" : "RMS Chain",
                "auditors" : "AUDITOR_MANAGER,FINANCE_MANAGER",
                "openDays" : 8,
                "overDays" : 0,
                "shortDays" : 0,
                "overAmount" : 0,
                "shortAmount" : 0,
                "currencyCode" : "USD",
                "errorCount" : 0,
                "hyperMediaContent" : {
                    "linkRDO" : [
                    ]
                }
            },
            {
                "links" : [
                ],
                "store" : 112,
                "storeName" : "Store 2 Alloc Testing",
                "chain" : 1,
                "chainName" : "RMS Chain",
                "auditors" : "AUDITOR_MANAGER,FINANCE_MANAGER",
                "openDays" : 7,
                "overDays" : 0,
                "shortDays" : 0,
                "overAmount" : 0,
                "shortAmount" : 0,
                "currencyCode" : "USD",
                "errorCount" : 0,
                "hyperMediaContent" : {
                    "linkRDO" : [
                    ]
                }
            },
            {
                "links" : [
                ],
                "store" : 2223,
                "storeName" : "Store 3",
                "chain" : 1,
                "chainName" : "RMS Chain",
                "auditors" : "AUDITOR_MANAGER,FINANCE_MANAGER",
                "openDays" : 8,
                "overDays" : 1,
                "shortDays" : 0,
                "overAmount" : 2500,
                "shortAmount" : 0,
                "currencyCode" : "USD",
                "errorCount" : 3,
                "hyperMediaContent" : {
                    "linkRDO" : [
                    ]
                }
            },
            {
                "links" : [
                ],
                "store" : 113,
                "storeName" : "Store 3 Alloc Testing",
                "chain" : 1,
                "chainName" : "RMS Chain",
                "auditors" : "AUDITOR_MANAGER,FINANCE_MANAGER",
                "openDays" : 7,
                "overDays" : 0,
                "shortDays" : 0,
                "overAmount" : 0,
                "shortAmount" : 0,
                "currencyCode" : "USD",
                "errorCount" : 0,
                "hyperMediaContent" : {
                    "linkRDO" : [
                    ]
                }
            },
            {
                "links" : [
                ],
                "store" : 2224,
                "storeName" : "Store 4",
                "chain" : 1,
                "chainName" : "RMS Chain",
                "auditors" : "AUDITOR_MANAGER,FINANCE_MANAGER",
                "openDays" : 8,
                "overDays" : 0,
                "shortDays" : 0,
                "overAmount" : 0,
                "shortAmount" : 0,
                "currencyCode" : "USD",
                "errorCount" : 0,
                "hyperMediaContent" : {
                    "linkRDO" : [
                    ]
                }
            },
            {
                "links" : [
                ],
                "store" : 114,
                "storeName" : "Store 4 Alloc Testing",
                "chain" : 1,
                "chainName" : "RMS Chain",
                "auditors" : "AUDITOR_MANAGER,FINANCE_MANAGER",
                "openDays" : 7,
                "overDays" : 0,
                "shortDays" : 0,
                "overAmount" : 0,
                "shortAmount" : 0,
                "currencyCode" : "USD",
                "errorCount" : 0,
                "hyperMediaContent" : {
                    "linkRDO" : [
                    ]
                }
            },
            {
                "links" : [
                ],
                "store" : 2225,
                "storeName" : "Store 5",
                "chain" : 1,
                "chainName" : "RMS Chain",
                "auditors" : "AUDITOR_MANAGER,FINANCE_MANAGER",
                "openDays" : 8,
                "overDays" : 0,
                "shortDays" : 0,
                "overAmount" : 0,
                "shortAmount" : 0,
                "currencyCode" : "USD",
                "errorCount" : 0,
                "hyperMediaContent" : {
                    "linkRDO" : [
                    ]
                }
            },
            {
                "links" : [
                ],
                "store" : 115,
                "storeName" : "Store 5 Alloc Testing",
                "chain" : 1,
                "chainName" : "RMS Chain",
                "auditors" : "AUDITOR_MANAGER,FINANCE_MANAGER",
                "openDays" : 9,
                "overDays" : 0,
                "shortDays" : 0,
                "overAmount" : 0,
                "shortAmount" : 0,
                "currencyCode" : "USD",
                "errorCount" : 0,
                "hyperMediaContent" : {
                    "linkRDO" : [
                    ]
                }
            },
            {
                "links" : [
                ],
                "store" : 12112,
                "storeName" : "Store T",
                "chain" : 1,
                "chainName" : "RMS Chain",
                "auditors" : "AUDITOR_MANAGER,FINANCE_MANAGER",
                "openDays" : 2,
                "overDays" : 0,
                "shortDays" : 0,
                "overAmount" : 0,
                "shortAmount" : 0,
                "currencyCode" : "USD",
                "errorCount" : 0,
                "hyperMediaContent" : {
                    "linkRDO" : [
                    ]
                }
            },
            {
                "links" : [
                ],
                "store" : 1011,
                "storeName" : "Test_Store_1011",
                "chain" : 1,
                "chainName" : "RMS Chain",
                "auditors" : "AUDITOR_MANAGER,FINANCE_MANAGER",
                "openDays" : 8,
                "overDays" : 0,
                "shortDays" : 0,
                "overAmount" : 0,
                "shortAmount" : 0,
                "currencyCode" : "USD",
                "errorCount" : 0,
                "hyperMediaContent" : {
                    "linkRDO" : [
                    ]
                }
            }
        ],
        "hyperMediaContent" : {
            "linkRDO" : [
            ]
        }
    }
}