{
    "mockAllocations" : [
        {
            "status" : {
                "id" : "4",
                "description" : "Calculated"
            },
            "statusFlag" : "SUCCESS",
            "allocFlow" : "STANDARD",
            "createdDate" : 1440591060000,
            "children" : [
            ],
            "id" : 25705,
            "links" : [
                {
                    "rel" : "approveAction",
                    "methodType" : "POST",
                    "href" : "/Allocations/approve",
                    "type" : "application/xml"
                },
                {
                    "rel" : "submitAction",
                    "methodType" : "POST",
                    "href" : "/Allocations/submit",
                    "type" : "application/xml"
                },
                {
                    "rel" : "reserveAction",
                    "methodType" : "POST",
                    "href" : "/Allocations/reserve",
                    "type" : "application/xml"
                }
            ],
            "createdBy" : "allocator",
            "description" : "enim culpa sit commodo excepteur",
            "allocationStatus" : {
                "id" : "0",
                "description" : "Worksheet"
            }
        },
        {
            "status" : {
                "id" : "1",
                "description" : "Submitted"
            },
            "statusFlag" : "SUBMITTED",
            "allocFlow" : "STANDARD",
            "createdDate" : 1440591060000,
            "children" : [
            ],
            "id" : 25730,
            "links" : [
                {
                    "rel" : "approveAction",
                    "methodType" : "POST",
                    "href" : "/Allocations/approve",
                    "type" : "application/xml"
                },
                {
                    "rel" : "submitAction",
                    "methodType" : "POST",
                    "href" : "/Allocations/submit",
                    "type" : "application/xml"
                },
                {
                    "rel" : "reserveAction",
                    "methodType" : "POST",
                    "href" : "/Allocations/reserve",
                    "type" : "application/xml"
                }
            ],
            "createdBy" : "allocator",
            "description" : "commodo excepteur laborum",
            "allocationStatus" : {
                "id" : "0",
                "description" : "Worksheet"
            }
        },
        {
            "status" : {
                "id" : "1",
                "description" : "Not Calculated"
            },
            "statusFlag" : "IN_PROGRESS",
            "allocFlow" : "STANDARD",
            "createdDate" : 1440591060000,
            "children" : [
            ],
            "id" : 25725,
            "links" : [
            ],
            "createdBy" : "ALLOCATOR",
            "description" : "do aute dolore",
            "allocationStatus" : {
                "id" : "0",
                "description" : "Worksheet"
            }
        },
        {
            "status" : {
                "id" : "4",
                "description" : "Calculated"
            },
            "statusFlag" : "IN_PROGRESS",
            "allocFlow" : "STANDARD",
            "createdDate" : 1440581060000,
            "children" : [
            ],
            "id" : 25660,
            "links" : [
                {
                    "rel" : "approveAction",
                    "methodType" : "POST",
                    "href" : "/Allocations/approve",
                    "type" : "application/xml"
                },
                {
                    "rel" : "submitAction",
                    "methodType" : "POST",
                    "href" : "/Allocations/submit",
                    "type" : "application/xml"
                },
                {
                    "rel" : "reserveAction",
                    "methodType" : "POST",
                    "href" : "/Allocations/reserve",
                    "type" : "application/xml"
                }
            ],
            "createdBy" : "allocator",
            "description" : "do consectetur magna",
            "allocationStatus" : {
                "id" : "0",
                "description" : "Worksheet"
            }
        },
        {
            "status" : {
                "id" : "4",
                "description" : "Calculated"
            },
            "statusFlag" : "IN_PROGRESS",
            "allocFlow" : "WHAT-IF",
            "createdDate" : 1440581060000,
            "children" : [
            ],
            "id" : 25627,
            "links" : [
                {
                    "rel" : "approveAction",
                    "methodType" : "POST",
                    "href" : "/Allocations/approve",
                    "type" : "application/xml"
                },
                {
                    "rel" : "submitAction",
                    "methodType" : "POST",
                    "href" : "/Allocations/submit",
                    "type" : "application/xml"
                },
                {
                    "rel" : "reserveAction",
                    "methodType" : "POST",
                    "href" : "/Allocations/reserve",
                    "type" : "application/xml"
                }
            ],
            "createdBy" : "allocator",
            "description" : "eiusmod occaecat anim",
            "allocationStatus" : {
                "id" : "0",
                "description" : "Worksheet"
            }
        },
        {
            "status" : {
                "id" : "4",
                "description" : "Calculated"
            },
            "statusFlag" : "IN_PROGRESS",
            "allocFlow" : "STANDARD",
            "createdDate" : 1440581060000,
            "children" : [
            ],
            "id" : 25656,
            "links" : [
                {
                    "rel" : "approveAction",
                    "methodType" : "POST",
                    "href" : "/Allocations/approve",
                    "type" : "application/xml"
                },
                {
                    "rel" : "submitAction",
                    "methodType" : "POST",
                    "href" : "/Allocations/submit",
                    "type" : "application/xml"
                },
                {
                    "rel" : "reserveAction",
                    "methodType" : "POST",
                    "href" : "/Allocations/reserve",
                    "type" : "application/xml"
                }
            ],
            "createdBy" : "allocator",
            "description" : "eiusmod occaecat anim",
            "allocationStatus" : {
                "id" : "0",
                "description" : "Worksheet"
            }
        },
        {
            "status" : {
                "id" : "4",
                "description" : "Calculated"
            },
            "statusFlag" : "IN_PROGRESS",
            "allocFlow" : "WHAT-IF",
            "createdDate" : 1440581060000,
            "children" : [
            ],
            "id" : 25655,
            "links" : [
                {
                    "rel" : "approveAction",
                    "methodType" : "POST",
                    "href" : "/Allocations/approve",
                    "type" : "application/xml"
                },
                {
                    "rel" : "submitAction",
                    "methodType" : "POST",
                    "href" : "/Allocations/submit",
                    "type" : "application/xml"
                },
                {
                    "rel" : "reserveAction",
                    "methodType" : "POST",
                    "href" : "/Allocations/reserve",
                    "type" : "application/xml"
                }
            ],
            "createdBy" : "allocator",
            "description" : "Copy of Allocation 25654",
            "allocationStatus" : {
                "id" : "0",
                "description" : "Worksheet"
            }
        },
        {
            "status" : {
                "id" : "4",
                "description" : "Calculated"
            },
            "statusFlag" : "IN_PROGRESS",
            "allocFlow" : "STANDARD",
            "createdDate" : 1440581060000,
            "children" : [
            ],
            "id" : 25657,
            "links" : [
                {
                    "rel" : "approveAction",
                    "methodType" : "POST",
                    "href" : "/Allocations/approve",
                    "type" : "application/xml"
                },
                {
                    "rel" : "submitAction",
                    "methodType" : "POST",
                    "href" : "/Allocations/submit",
                    "type" : "application/xml"
                },
                {
                    "rel" : "reserveAction",
                    "methodType" : "POST",
                    "href" : "/Allocations/reserve",
                    "type" : "application/xml"
                }
            ],
            "createdBy" : "allocator",
            "description" : "Copy of Allocation 25656",
            "allocationStatus" : {
                "id" : "0",
                "description" : "Worksheet"
            }
        },
        {
            "status" : {
                "id" : "4",
                "description" : "Calculated"
            },
            "statusFlag" : "IN_PROGRESS",
            "allocFlow" : "STANDARD",
            "createdDate" : 1440581060000,
            "children" : [
            ],
            "id" : 25654,
            "links" : [
                {
                    "rel" : "approveAction",
                    "methodType" : "POST",
                    "href" : "/Allocations/approve",
                    "type" : "application/xml"
                },
                {
                    "rel" : "submitAction",
                    "methodType" : "POST",
                    "href" : "/Allocations/submit",
                    "type" : "application/xml"
                },
                {
                    "rel" : "reserveAction",
                    "methodType" : "POST",
                    "href" : "/Allocations/reserve",
                    "type" : "application/xml"
                }
            ],
            "createdBy" : "allocator",
            "description" : "ALLOC_QA_Staple_Item",
            "allocationStatus" : {
                "id" : "0",
                "description" : "Worksheet"
            }
        },
        {
            "status" : {
                "id" : "6",
                "description" : "Calculation Error"
            },
            "statusFlag" : "FAILURE",
            "allocFlow" : "STANDARD",
            "createdDate" : 1440581060000,
            "children" : [
            ],
            "id" : 25661,
            "links" : [
            ],
            "createdBy" : "allocator",
            "description" : "ALLOC_QA_Non Sellable Single Color Fashion Pack_Item_CMP_4_SZ_10",
            "allocationStatus" : {
                "id" : "0",
                "description" : "Worksheet"
            }
        },
        {
            "status" : {
                "id" : "4",
                "description" : "Calculated"
            },
            "statusFlag" : "IN_PROGRESS",
            "allocFlow" : "STANDARD",
            "createdDate" : 1440581060000,
            "children" : [
            ],
            "id" : 25683,
            "links" : [
                {
                    "rel" : "approveAction",
                    "methodType" : "POST",
                    "href" : "/Allocations/approve",
                    "type" : "application/xml"
                },
                {
                    "rel" : "submitAction",
                    "methodType" : "POST",
                    "href" : "/Allocations/submit",
                    "type" : "application/xml"
                },
                {
                    "rel" : "reserveAction",
                    "methodType" : "POST",
                    "href" : "/Allocations/reserve",
                    "type" : "application/xml"
                }
            ],
            "createdBy" : "allocator",
            "description" : "ALLOC_FD_Fashion 1P_3CH_Item_100322381",
            "allocationStatus" : {
                "id" : "0",
                "description" : "Worksheet"
            }
        },
        {
            "status" : {
                "id" : "4",
                "description" : "Calculated"
            },
            "statusFlag" : "IN_PROGRESS",
            "allocFlow" : "STANDARD",
            "createdDate" : 1440581060000,
            "children" : [
            ],
            "id" : 25646,
            "links" : [
                {
                    "rel" : "approveAction",
                    "methodType" : "POST",
                    "href" : "/Allocations/approve",
                    "type" : "application/xml"
                },
                {
                    "rel" : "submitAction",
                    "methodType" : "POST",
                    "href" : "/Allocations/submit",
                    "type" : "application/xml"
                },
                {
                    "rel" : "reserveAction",
                    "methodType" : "POST",
                    "href" : "/Allocations/reserve",
                    "type" : "application/xml"
                }
            ],
            "createdBy" : "ALLOCATOR",
            "description" : "ALLOC_QA_Staple_Item",
            "allocationStatus" : {
                "id" : "0",
                "description" : "Worksheet"
            }
        },
        {
            "status" : {
                "id" : "4",
                "description" : "Calculated"
            },
            "statusFlag" : "IN_PROGRESS",
            "allocFlow" : "STANDARD",
            "createdDate" : 1440581060000,
            "children" : [
            ],
            "id" : 25626,
            "links" : [
                {
                    "rel" : "approveAction",
                    "methodType" : "POST",
                    "href" : "/Allocations/approve",
                    "type" : "application/xml"
                },
                {
                    "rel" : "submitAction",
                    "methodType" : "POST",
                    "href" : "/Allocations/submit",
                    "type" : "application/xml"
                },
                {
                    "rel" : "reserveAction",
                    "methodType" : "POST",
                    "href" : "/Allocations/reserve",
                    "type" : "application/xml"
                }
            ],
            "createdBy" : "allocator",
            "description" : "Child of 17986",
            "allocationStatus" : {
                "id" : "0",
                "description" : "Worksheet"
            }
        },
        {
            "status" : {
                "id" : "6",
                "description" : "Calculation Error"
            },
            "statusFlag" : "FAILURE",
            "allocFlow" : "STANDARD",
            "createdDate" : 1440581060000,
            "children" : [
            ],
            "id" : 25662,
            "links" : [
            ],
            "createdBy" : "allocator",
            "description" : "ALLOC_FD_Non Sellable Fashion Simple Pack_Item_SZ_4_27904111_☺BC!~?何",
            "allocationStatus" : {
                "id" : "0",
                "description" : "Worksheet"
            }
        },
        {
            "status" : {
                "id" : "6",
                "description" : "Calculation Error"
            },
            "statusFlag" : "FAILURE",
            "allocFlow" : "STANDARD",
            "createdDate" : 1440581060000,
            "children" : [
            ],
            "id" : 25663,
            "links" : [
            ],
            "createdBy" : "allocator",
            "description" : "ALLOC_QA_Staple_Item",
            "allocationStatus" : {
                "id" : "0",
                "description" : "Worksheet"
            }
        },
        {
            "status" : {
                "id" : "1",
                "description" : "Not Calculated"
            },
            "statusFlag" : "IN_PROGRESS",
            "allocFlow" : "STANDARD",
            "createdDate" : 1440581060000,
            "children" : [
            ],
            "id" : 25642,
            "links" : [
            ],
            "createdBy" : "ALLOCATOR",
            "description" : "ALLOC_FD_Non Sellable Multi Color Fashion Pack_Item_D20_CMP_12_SZ_44_400000039138",
            "allocationStatus" : {
                "id" : "0",
                "description" : "Worksheet"
            }
        },
        {
            "status" : {
                "id" : "1",
                "description" : "Not Calculated"
            },
            "statusFlag" : "IN_PROGRESS",
            "allocFlow" : "STANDARD",
            "createdDate" : 1440581060000,
            "children" : [
            ],
            "id" : 25643,
            "links" : [
            ],
            "createdBy" : "ALLOCATOR",
            "description" : "ALLOC_FD_Non Sellable Single Color Fashion Pack_Item_D20_CMP_4_SZ_7_1234560028054",
            "allocationStatus" : {
                "id" : "0",
                "description" : "Worksheet"
            }
        },
        {
            "status" : {
                "id" : "4",
                "description" : "Calculated"
            },
            "statusFlag" : "IN_PROGRESS",
            "allocFlow" : "STANDARD",
            "createdDate" : 1440581060000,
            "children" : [
            ],
            "id" : 25648,
            "links" : [
                {
                    "rel" : "approveAction",
                    "methodType" : "POST",
                    "href" : "/Allocations/approve",
                    "type" : "application/xml"
                },
                {
                    "rel" : "submitAction",
                    "methodType" : "POST",
                    "href" : "/Allocations/submit",
                    "type" : "application/xml"
                },
                {
                    "rel" : "reserveAction",
                    "methodType" : "POST",
                    "href" : "/Allocations/reserve",
                    "type" : "application/xml"
                }
            ],
            "createdBy" : "allocator",
            "description" : "Copy of Allocation 24749",
            "allocationStatus" : {
                "id" : "0",
                "description" : "Worksheet"
            }
        },
        {
            "status" : {
                "id" : "6",
                "description" : "Calculation Error"
            },
            "statusFlag" : "FAILURE",
            "allocFlow" : "STANDARD",
            "createdDate" : 1440581060000,
            "children" : [
            ],
            "id" : 25658,
            "links" : [
            ],
            "createdBy" : "allocator",
            "description" : "Copy of Allocation 25656",
            "allocationStatus" : {
                "id" : "0",
                "description" : "Worksheet"
            }
        },
        {
            "status" : {
                "id" : "6",
                "description" : "Calculation Error"
            },
            "statusFlag" : "FAILURE",
            "allocFlow" : "STANDARD",
            "createdDate" : 1440581060000,
            "children" : [
            ],
            "id" : 25682,
            "links" : [
            ],
            "createdBy" : "allocator",
            "description" : "ALLOC_FD_Non Sellable Fashion Simple Pack_Item_SZ_4_27904111_☺BC!~?何",
            "allocationStatus" : {
                "id" : "0",
                "description" : "Worksheet"
            }
        },
        {
            "status" : {
                "id" : "4",
                "description" : "Calculated"
            },
            "statusFlag" : "IN_PROGRESS",
            "allocFlow" : "STANDARD",
            "createdDate" : 1440581060000,
            "children" : [
            ],
            "id" : 25649,
            "links" : [
                {
                    "rel" : "approveAction",
                    "methodType" : "POST",
                    "href" : "/Allocations/approve",
                    "type" : "application/xml"
                },
                {
                    "rel" : "submitAction",
                    "methodType" : "POST",
                    "href" : "/Allocations/submit",
                    "type" : "application/xml"
                },
                {
                    "rel" : "reserveAction",
                    "methodType" : "POST",
                    "href" : "/Allocations/reserve",
                    "type" : "application/xml"
                }
            ],
            "createdBy" : "allocator",
            "description" : "ALLOC_QA_Non Sellable Staple Complex Pack_Item_CMP_3_SZ_10_100306058",
            "allocationStatus" : {
                "id" : "0",
                "description" : "Worksheet"
            }
        },
        {
            "status" : {
                "id" : "4",
                "description" : "Calculated"
            },
            "statusFlag" : "IN_PROGRESS",
            "allocFlow" : "STANDARD",
            "createdDate" : 1440551060000,
            "children" : [
            ],
            "id" : 25562,
            "links" : [
                {
                    "rel" : "approveAction",
                    "methodType" : "POST",
                    "href" : "/Allocations/approve",
                    "type" : "application/xml"
                },
                {
                    "rel" : "submitAction",
                    "methodType" : "POST",
                    "href" : "/Allocations/submit",
                    "type" : "application/xml"
                },
                {
                    "rel" : "reserveAction",
                    "methodType" : "POST",
                    "href" : "/Allocations/reserve",
                    "type" : "application/xml"
                }
            ],
            "createdBy" : "allocator",
            "description" : "Child of 17977",
            "allocationStatus" : {
                "id" : "0",
                "description" : "Worksheet"
            }
        },
        {
            "status" : {
                "id" : "6",
                "description" : "Calculation Error"
            },
            "statusFlag" : "FAILURE",
            "allocFlow" : "STANDARD",
            "createdDate" : 1440551060000,
            "children" : [
            ],
            "id" : 25570,
            "links" : [
            ],
            "createdBy" : "allocator",
            "description" : "Child of 17984",
            "allocationStatus" : {
                "id" : "0",
                "description" : "Worksheet"
            }
        },
        {
            "status" : {
                "id" : "4",
                "description" : "Calculated"
            },
            "statusFlag" : "IN_PROGRESS",
            "allocFlow" : "STANDARD",
            "createdDate" : 1440551060000,
            "children" : [
            ],
            "id" : 25583,
            "links" : [
                {
                    "rel" : "approveAction",
                    "methodType" : "POST",
                    "href" : "/Allocations/approve",
                    "type" : "application/xml"
                },
                {
                    "rel" : "submitAction",
                    "methodType" : "POST",
                    "href" : "/Allocations/submit",
                    "type" : "application/xml"
                },
                {
                    "rel" : "reserveAction",
                    "methodType" : "POST",
                    "href" : "/Allocations/reserve",
                    "type" : "application/xml"
                }
            ],
            "createdBy" : "allocator",
            "description" : "ALLOC_QA_Non Sellable Staple Complex Pack_Item_CMP_3_SZ_9_100306066",
            "allocationStatus" : {
                "id" : "0",
                "description" : "Worksheet"
            }
        },
        {
            "status" : {
                "id" : "4",
                "description" : "Calculated"
            },
            "statusFlag" : "IN_PROGRESS",
            "allocFlow" : "STANDARD",
            "createdDate" : 1440551060000,
            "children" : [
            ],
            "id" : 25563,
            "links" : [
                {
                    "rel" : "approveAction",
                    "methodType" : "POST",
                    "href" : "/Allocations/approve",
                    "type" : "application/xml"
                },
                {
                    "rel" : "submitAction",
                    "methodType" : "POST",
                    "href" : "/Allocations/submit",
                    "type" : "application/xml"
                },
                {
                    "rel" : "reserveAction",
                    "methodType" : "POST",
                    "href" : "/Allocations/reserve",
                    "type" : "application/xml"
                }
            ],
            "createdBy" : "Allocator",
            "description" : "Child of 17973",
            "allocationStatus" : {
                "id" : "0",
                "description" : "Worksheet"
            }
        },
        {
            "status" : {
                "id" : "4",
                "description" : "Calculated"
            },
            "statusFlag" : "IN_PROGRESS",
            "allocFlow" : "STANDARD",
            "createdDate" : 1440551060000,
            "children" : [
            ],
            "id" : 25568,
            "links" : [
                {
                    "rel" : "approveAction",
                    "methodType" : "POST",
                    "href" : "/Allocations/approve",
                    "type" : "application/xml"
                },
                {
                    "rel" : "submitAction",
                    "methodType" : "POST",
                    "href" : "/Allocations/submit",
                    "type" : "application/xml"
                },
                {
                    "rel" : "reserveAction",
                    "methodType" : "POST",
                    "href" : "/Allocations/reserve",
                    "type" : "application/xml"
                }
            ],
            "createdBy" : "Allocator",
            "description" : "Child of 17971",
            "allocationStatus" : {
                "id" : "0",
                "description" : "Worksheet"
            }
        }
    ],
    "mockAllocationDetail" : [
        {
            "id" : 11132,
            "description" : "Hari (22)",
            "comments" : null,
            "ruleHeader" : {
                "demandSource" : "HISTORY",
                "levelHierarchy" : "1"
            },
            "links" : [
                {
                    "rel" : "approveAction",
                    "href" : "/Allocations/approve",
                    "methodType" : "POST",
                    "type" : "application/xml"
                },
                {
                    "rel" : "withdrawAction",
                    "href" : "/Allocations/withdraw",
                    "methodType" : "POST",
                    "type" : "application/xml"
                },
                {
                    "rel" : "reserveAction",
                    "href" : "/Allocations/reserve",
                    "methodType" : "POST",
                    "type" : "application/xml"
                }
            ],
            "createdDate" : 1440521060000,
            "context" : {
                "id" : "",
                "description" : null
            },
            "workHeaderId" : 21282,
            "createdBy" : "allocator",
            "allocType" : "FA",
            "sessionId" : "allocator142546635121282",
            "rushShipment" : false,
            "promotion" : {
                "id" : "1234",
                "description" : "Demo Promo"
            },
            "allocationStatus" : {
                "id" : "0",
                "description" : "Worksheet"
            },
            "locationHeader" : {
                "totalValidStores" : 116,
                "supplyChainEnforced" : false
            },
            "status" : {
                "id" : "4",
                "description" : "Calculated"
            },
            "statusFlag" : "IN_PROGRESS",
            "itemWHSource" : [
                {
                    "documentId" : null,
                    "itemDescription" : "Charcoal T-Shirt",
                    "storeCalculationMultiple" : "EA",
                    "allocationQty" : null,
                    "documentType" : "OH",
                    "releaseDate" : 1440591060000,
                    "netNeed" : 4885.0,
                    "warehouseId" : 50001,
                    "totalAvail" : 6135.0,
                    "storeCalculationValue" : 1,
                    "targetStockRatio" : "N",
                    "finalAllocatedQty" : 4885.0,
                    "diff" : {
                        "id" : "1",
                        "description" : "BLACK"
                    },
                    "imageURL" : "[demopath]/alc.mobile.RecentAllocations/img/t-shirt@2x.jpg",
                    "holdbackQty" : 0,
                    "itemMetrics" : {
                        "storeCalculationValue" : 1,
                        "lowestAllocatedQty" : 2385,
                        "storeCalculationMultiple" : "EA",
                        "allocatedStores" : 2,
                        "storesWithZeroQty" : 0,
                        "averageAllocatedQty" : 2442,
                        "targetStockRatio" : "N",
                        "highestAllocatedQty" : 2500
                    },
                    "grossNeed" : 5000.0,
                    "itemId" : "7979"
                },
                {
                    "documentId" : "52342",
                    "itemDescription" : "Jeans",
                    "storeCalculationMultiple" : "EA",
                    "allocationQty" : null,
                    "documentType" : "PO",
                    "releaseDate" : 1440591060000,
                    "netNeed" : 4940.0,
                    "warehouseId" : 50001,
                    "totalAvail" : 6190.0,
                    "storeCalculationValue" : 1,
                    "targetStockRatio" : "N",
                    "finalAllocatedQty" : 4940.0,
                    "diff" : {
                        "id" : "1",
                        "description" : "BLUE"
                    },
                    "imageURL" : "[demopath]/alc.mobile.RecentAllocations/img/jeans@2x.jpg",
                    "holdbackQty" : 0,
                    "itemMetrics" : {
                        "storeCalculationValue" : 1,
                        "lowestAllocatedQty" : 2440,
                        "storeCalculationMultiple" : "EA",
                        "allocatedStores" : 2,
                        "storesWithZeroQty" : 0,
                        "averageAllocatedQty" : 2470,
                        "targetStockRatio" : "N",
                        "highestAllocatedQty" : 2500
                    },
                    "grossNeed" : 5000.0,
                    "itemId" : "5096"
                },
                {
                    "documentId" : null,
                    "itemDescription" : "New Balance Shoes",
                    "storeCalculationMultiple" : "EA",
                    "allocationQty" : null,
                    "documentType" : "OH",
                    "releaseDate" : 1440591060000,
                    "netNeed" : 4882.0,
                    "warehouseId" : 50001,
                    "totalAvail" : 6132.0,
                    "storeCalculationValue" : 1,
                    "targetStockRatio" : "N",
                    "finalAllocatedQty" : 4882.0,
                    "diff" : {
                        "id" : "1",
                        "description" : "RED"
                    },
                    "imageURL" : "[demopath]/alc.mobile.RecentAllocations/img/shoes@2x.jpg",
                    "holdbackQty" : 0,
                    "itemMetrics" : {
                        "storeCalculationValue" : 1,
                        "lowestAllocatedQty" : 2382,
                        "storeCalculationMultiple" : "EA",
                        "allocatedStores" : 2,
                        "storesWithZeroQty" : 0,
                        "averageAllocatedQty" : 2441,
                        "targetStockRatio" : "N",
                        "highestAllocatedQty" : 2500
                    },
                    "grossNeed" : 5000.0,
                    "itemId" : "9446"
                }
            ]
        },
        {
            "links" : [
                {
                    "rel" : "submitAction",
                    "href" : "/Allocations/submit",
                    "methodType" : "POST",
                    "type" : "application/xml"
                },
                {
                    "rel" : "withdrawAction",
                    "href" : "/Allocations/withdraw",
                    "methodType" : "POST",
                    "type" : "application/xml"
                },
                {
                    "rel" : "reserveAction",
                    "href" : "/Allocations/reserve",
                    "methodType" : "POST",
                    "type" : "application/xml"
                }
            ],
            "children" : [
            ],
            "id" : 549,
            "description" : "FPG Alloc - 2MCPs , Skus",
            "allocType" : "FPG",
            "workHeaderId" : 2316,
            "sessionId" : "ALLOCATOR-15590803302316",
            "status" : {
                "id" : "4",
                "description" : "Calculated"
            },
            "allocationStatus" : {
                "id" : "0",
                "description" : "Worksheet"
            },
            "createdBy" : "vinitha",
            "createdDate" : 1440521060000,
            "rushShipment" : false,
            "promotion" : {
                "id" : "1234",
                "description" : "Demo Promo"
            },
            "context" : {
                "id" : "",
                "description" : null
            },
            "comments" : null,
            "itemWHSource" : [
                {
                    "links" : [
                        {
                            "href" : "/Allocations/549/itemloc?facetSessionId=ALLOCATOR-15590803302316&itemId=*****&whId=10001&allocType=FPG&docType=-1&docId=-1",
                            "rel" : "child",
                            "type" : "application/xml",
                            "methodType" : "GET"
                        }
                    ],
                    "children" : [
                        {
                            "links" : [
                            ],
                            "children" : [
                            ],
                            "imageURL" : null,
                            "itemId" : "100112229",
                            "itemDescription" : "MCP 2",
                            "warehouseId" : 10001,
                            "documentType" : "OH",
                            "documentId" : null,
                            "diff" : null,
                            "totalAvail" : 648,
                            "grossNeed" : 4546,
                            "netNeed" : 4440,
                            "allocationQty" : null,
                            "finalAllocatedQty" : 648,
                            "holdbackQty" : 0,
                            "releaseDate" : 1440591060000,
                            "storeCalculationMultiple" : "EA",
                            "storeCalculationValue" : 1,
                            "targetStockRatio" : "N",
                            "itemMetrics" : {
                                "allocatedStores" : 4,
                                "storesWithZeroQty" : 1,
                                "highestAllocatedQty" : 468,
                                "lowestAllocatedQty" : 0,
                                "averageAllocatedQty" : 129,
                                "targetStockRatio" : "N",
                                "storeCalculationMultiple" : "EA",
                                "storeCalculationValue" : 1
                            }
                        },
                        {
                            "links" : [
                            ],
                            "children" : [
                            ],
                            "imageURL" : null,
                            "itemId" : "100112157",
                            "itemDescription" : "MultiColor Style Item:Large:Green",
                            "warehouseId" : 10001,
                            "documentType" : "OH",
                            "documentId" : null,
                            "diff" : null,
                            "totalAvail" : 12,
                            "grossNeed" : 4526,
                            "netNeed" : 4440,
                            "allocationQty" : null,
                            "finalAllocatedQty" : 12,
                            "holdbackQty" : 0,
                            "releaseDate" : 1440591060000,
                            "storeCalculationMultiple" : "EA",
                            "storeCalculationValue" : 1,
                            "targetStockRatio" : "N",
                            "itemMetrics" : {
                                "allocatedStores" : 1,
                                "storesWithZeroQty" : 4,
                                "highestAllocatedQty" : 12,
                                "lowestAllocatedQty" : 0,
                                "averageAllocatedQty" : 2,
                                "targetStockRatio" : "N",
                                "storeCalculationMultiple" : "EA",
                                "storeCalculationValue" : 1
                            }
                        },
                        {
                            "links" : [
                            ],
                            "children" : [
                            ],
                            "imageURL" : null,
                            "itemId" : "100112211",
                            "itemDescription" : "MCP 1",
                            "warehouseId" : 10001,
                            "documentType" : "OH",
                            "documentId" : null,
                            "diff" : null,
                            "totalAvail" : 720,
                            "grossNeed" : 4476,
                            "netNeed" : 4440,
                            "allocationQty" : null,
                            "finalAllocatedQty" : 720,
                            "holdbackQty" : 0,
                            "releaseDate" : 1440591060000,
                            "storeCalculationMultiple" : "EA",
                            "storeCalculationValue" : 1,
                            "targetStockRatio" : "N",
                            "itemMetrics" : {
                                "allocatedStores" : 3,
                                "storesWithZeroQty" : 2,
                                "highestAllocatedQty" : 396,
                                "lowestAllocatedQty" : 0,
                                "averageAllocatedQty" : 144,
                                "targetStockRatio" : "N",
                                "storeCalculationMultiple" : "EA",
                                "storeCalculationValue" : 1
                            }
                        },
                        {
                            "links" : [
                            ],
                            "children" : [
                            ],
                            "imageURL" : null,
                            "itemId" : "100112131",
                            "itemDescription" : "MultiColor Style Item:Medium:Navy",
                            "warehouseId" : 10001,
                            "documentType" : "OH",
                            "documentId" : null,
                            "diff" : null,
                            "totalAvail" : 3,
                            "grossNeed" : 4376,
                            "netNeed" : 4440,
                            "allocationQty" : null,
                            "finalAllocatedQty" : 3,
                            "holdbackQty" : 0,
                            "releaseDate" : 1440591060000,
                            "storeCalculationMultiple" : "EA",
                            "storeCalculationValue" : 1,
                            "targetStockRatio" : "N",
                            "itemMetrics" : {
                                "allocatedStores" : 1,
                                "storesWithZeroQty" : 4,
                                "highestAllocatedQty" : 3,
                                "lowestAllocatedQty" : 0,
                                "averageAllocatedQty" : 0,
                                "targetStockRatio" : "N",
                                "storeCalculationMultiple" : "EA",
                                "storeCalculationValue" : 1
                            }
                        },
                        {
                            "links" : [
                            ],
                            "children" : [
                            ],
                            "imageURL" : null,
                            "itemId" : "100112165",
                            "itemDescription" : "MultiColor Style Item:Large:Navy",
                            "warehouseId" : 10001,
                            "documentType" : "OH",
                            "documentId" : null,
                            "diff" : null,
                            "totalAvail" : 4,
                            "grossNeed" : 4576,
                            "netNeed" : 4440,
                            "allocationQty" : null,
                            "finalAllocatedQty" : 4,
                            "holdbackQty" : 0,
                            "releaseDate" : 1440591060000,
                            "storeCalculationMultiple" : "EA",
                            "storeCalculationValue" : 1,
                            "targetStockRatio" : "Y",
                            "itemMetrics" : {
                                "allocatedStores" : 1,
                                "storesWithZeroQty" : 4,
                                "highestAllocatedQty" : 4,
                                "lowestAllocatedQty" : 0,
                                "averageAllocatedQty" : 0,
                                "targetStockRatio" : "Y",
                                "storeCalculationMultiple" : "EA",
                                "storeCalculationValue" : 1
                            }
                        },
                        {
                            "links" : [
                            ],
                            "children" : [
                            ],
                            "imageURL" : null,
                            "itemId" : "100112093",
                            "itemDescription" : "MultiColor Style Item:Small:Green",
                            "warehouseId" : 10001,
                            "documentType" : "OH",
                            "documentId" : null,
                            "diff" : null,
                            "totalAvail" : 4,
                            "grossNeed" : 4576,
                            "netNeed" : 4440,
                            "allocationQty" : null,
                            "finalAllocatedQty" : 4,
                            "holdbackQty" : 0,
                            "releaseDate" : 1440591060000,
                            "storeCalculationMultiple" : "EA",
                            "storeCalculationValue" : 1,
                            "targetStockRatio" : "N",
                            "itemMetrics" : {
                                "allocatedStores" : 1,
                                "storesWithZeroQty" : 4,
                                "highestAllocatedQty" : 4,
                                "lowestAllocatedQty" : 0,
                                "averageAllocatedQty" : 0,
                                "targetStockRatio" : "N",
                                "storeCalculationMultiple" : "EA",
                                "storeCalculationValue" : 1
                            }
                        },
                        {
                            "links" : [
                            ],
                            "children" : [
                            ],
                            "imageURL" : null,
                            "itemId" : "100112114",
                            "itemDescription" : "MultiColor Style Item:Small:Red",
                            "warehouseId" : 10001,
                            "documentType" : "OH",
                            "documentId" : null,
                            "diff" : null,
                            "totalAvail" : 3,
                            "grossNeed" : 4576,
                            "netNeed" : 4440,
                            "allocationQty" : null,
                            "finalAllocatedQty" : 3,
                            "holdbackQty" : 0,
                            "releaseDate" : 1440591060000,
                            "storeCalculationMultiple" : "EA",
                            "storeCalculationValue" : 1,
                            "targetStockRatio" : "N",
                            "itemMetrics" : {
                                "allocatedStores" : 1,
                                "storesWithZeroQty" : 4,
                                "highestAllocatedQty" : 3,
                                "lowestAllocatedQty" : 0,
                                "averageAllocatedQty" : 0,
                                "targetStockRatio" : "N",
                                "storeCalculationMultiple" : "EA",
                                "storeCalculationValue" : 1
                            }
                        },
                        {
                            "links" : [
                            ],
                            "children" : [
                            ],
                            "imageURL" : null,
                            "itemId" : "100112190",
                            "itemDescription" : "MultiColor Style Item:Extra Large:Navy",
                            "warehouseId" : 10001,
                            "documentType" : "OH",
                            "documentId" : null,
                            "diff" : null,
                            "totalAvail" : 8,
                            "grossNeed" : 4576,
                            "netNeed" : 4440,
                            "allocationQty" : null,
                            "finalAllocatedQty" : 8,
                            "holdbackQty" : 0,
                            "releaseDate" : 1440591060000,
                            "storeCalculationMultiple" : "EA",
                            "storeCalculationValue" : 1,
                            "targetStockRatio" : "N",
                            "itemMetrics" : {
                                "allocatedStores" : 1,
                                "storesWithZeroQty" : 4,
                                "highestAllocatedQty" : 8,
                                "lowestAllocatedQty" : 0,
                                "averageAllocatedQty" : 1,
                                "targetStockRatio" : "N",
                                "storeCalculationMultiple" : "EA",
                                "storeCalculationValue" : 1
                            }
                        }
                    ],
                    "imageURL" : null,
                    "itemId" : "55501",
                    "itemDescription" : "*****",
                    "warehouseId" : 10001,
                    "documentType" : "-1",
                    "documentId" : "-1",
                    "diff" : null,
                    "totalAvail" : 0,
                    "grossNeed" : 4576,
                    "netNeed" : 4440,
                    "allocationQty" : null,
                    "finalAllocatedQty" : 1402,
                    "holdbackQty" : 0,
                    "releaseDate" : 1440591060000,
                    "storeCalculationMultiple" : "EA",
                    "storeCalculationValue" : 1,
                    "targetStockRatio" : "N",
                    "itemMetrics" : {
                        "allocatedStores" : 4,
                        "storesWithZeroQty" : 27,
                        "highestAllocatedQty" : 898,
                        "lowestAllocatedQty" : 0,
                        "averageAllocatedQty" : 276,
                        "targetStockRatio" : "N",
                        "storeCalculationMultiple" : "EA",
                        "storeCalculationValue" : 1
                    }
                },
                {
                    "links" : [
                        {
                            "href" : "/Allocations/549/itemloc?facetSessionId=ALLOCATOR-15590803302316&itemId=*****&whId=10002&allocType=FPG&docType=-1&docId=-1",
                            "rel" : "child",
                            "type" : "application/xml",
                            "methodType" : "GET"
                        }
                    ],
                    "children" : [
                        {
                            "links" : [
                            ],
                            "children" : [
                            ],
                            "imageURL" : null,
                            "itemId" : "100112131",
                            "itemDescription" : "MultiColor Style Item:Medium:Navy",
                            "warehouseId" : 10002,
                            "documentType" : "TSF",
                            "documentId" : "3000007001",
                            "diff" : null,
                            "totalAvail" : 5,
                            "grossNeed" : 4576,
                            "netNeed" : 4440,
                            "allocationQty" : null,
                            "finalAllocatedQty" : 5,
                            "holdbackQty" : 0,
                            "releaseDate" : 1440591060000,
                            "storeCalculationMultiple" : "EA",
                            "storeCalculationValue" : 1,
                            "targetStockRatio" : "N",
                            "itemMetrics" : {
                                "allocatedStores" : 1,
                                "storesWithZeroQty" : 4,
                                "highestAllocatedQty" : 5,
                                "lowestAllocatedQty" : 0,
                                "averageAllocatedQty" : 1,
                                "targetStockRatio" : "N",
                                "storeCalculationMultiple" : "EA",
                                "storeCalculationValue" : 1
                            }
                        },
                        {
                            "links" : [
                            ],
                            "children" : [
                            ],
                            "imageURL" : null,
                            "itemId" : "100112114",
                            "itemDescription" : "MultiColor Style Item:Small:Red",
                            "warehouseId" : 10002,
                            "documentType" : "TSF",
                            "documentId" : "3000007001",
                            "diff" : null,
                            "totalAvail" : 4,
                            "grossNeed" : 4576,
                            "netNeed" : 4440,
                            "allocationQty" : null,
                            "finalAllocatedQty" : 4,
                            "holdbackQty" : 0,
                            "releaseDate" : 1440591060000,
                            "storeCalculationMultiple" : "EA",
                            "storeCalculationValue" : 1,
                            "targetStockRatio" : "N",
                            "itemMetrics" : {
                                "allocatedStores" : 1,
                                "storesWithZeroQty" : 4,
                                "highestAllocatedQty" : 4,
                                "lowestAllocatedQty" : 0,
                                "averageAllocatedQty" : 0,
                                "targetStockRatio" : "N",
                                "storeCalculationMultiple" : "EA",
                                "storeCalculationValue" : 1
                            }
                        },
                        {
                            "links" : [
                            ],
                            "children" : [
                            ],
                            "imageURL" : null,
                            "itemId" : "100112190",
                            "itemDescription" : "MultiColor Style Item:Extra Large:Navy",
                            "warehouseId" : 10002,
                            "documentType" : "TSF",
                            "documentId" : "3000007001",
                            "diff" : null,
                            "totalAvail" : 10,
                            "grossNeed" : 4576,
                            "netNeed" : 4440,
                            "allocationQty" : null,
                            "finalAllocatedQty" : 10,
                            "holdbackQty" : 0,
                            "releaseDate" : 1440591060000,
                            "storeCalculationMultiple" : "EA",
                            "storeCalculationValue" : 1,
                            "targetStockRatio" : "Y",
                            "itemMetrics" : {
                                "allocatedStores" : 1,
                                "storesWithZeroQty" : 4,
                                "highestAllocatedQty" : 10,
                                "lowestAllocatedQty" : 0,
                                "averageAllocatedQty" : 2,
                                "targetStockRatio" : "Y",
                                "storeCalculationMultiple" : "EA",
                                "storeCalculationValue" : 1
                            }
                        },
                        {
                            "links" : [
                            ],
                            "children" : [
                            ],
                            "imageURL" : null,
                            "itemId" : "100112157",
                            "itemDescription" : "MultiColor Style Item:Large:Green",
                            "warehouseId" : 10002,
                            "documentType" : "TSF",
                            "documentId" : "3000007001",
                            "diff" : null,
                            "totalAvail" : 12,
                            "grossNeed" : 4576,
                            "netNeed" : 4440,
                            "allocationQty" : null,
                            "finalAllocatedQty" : 12,
                            "holdbackQty" : 0,
                            "releaseDate" : 1440591060000,
                            "storeCalculationMultiple" : "EA",
                            "storeCalculationValue" : 1,
                            "targetStockRatio" : "Y",
                            "itemMetrics" : {
                                "allocatedStores" : 1,
                                "storesWithZeroQty" : 4,
                                "highestAllocatedQty" : 12,
                                "lowestAllocatedQty" : 0,
                                "averageAllocatedQty" : 2,
                                "targetStockRatio" : "Y",
                                "storeCalculationMultiple" : "EA",
                                "storeCalculationValue" : 1
                            }
                        },
                        {
                            "links" : [
                            ],
                            "children" : [
                            ],
                            "imageURL" : null,
                            "itemId" : "100112229",
                            "itemDescription" : "MCP 2-2",
                            "warehouseId" : 10002,
                            "documentType" : "TSF",
                            "documentId" : "3000007001",
                            "diff" : null,
                            "totalAvail" : 900,
                            "grossNeed" : 176,
                            "netNeed" : 4440,
                            "allocationQty" : null,
                            "finalAllocatedQty" : 900,
                            "holdbackQty" : 0,
                            "releaseDate" : 1440591060000,
                            "storeCalculationMultiple" : "EA",
                            "storeCalculationValue" : 1,
                            "targetStockRatio" : "Y",
                            "itemMetrics" : {
                                "allocatedStores" : 5,
                                "storesWithZeroQty" : 0,
                                "highestAllocatedQty" : 324,
                                "lowestAllocatedQty" : 36,
                                "averageAllocatedQty" : 180,
                                "targetStockRatio" : "Y",
                                "storeCalculationMultiple" : "EA",
                                "storeCalculationValue" : 1
                            }
                        },
                        {
                            "links" : [
                            ],
                            "children" : [
                            ],
                            "imageURL" : null,
                            "itemId" : "100112211",
                            "itemDescription" : "MCP 1",
                            "warehouseId" : 10002,
                            "documentType" : "TSF",
                            "documentId" : "3000007001",
                            "diff" : null,
                            "totalAvail" : 540,
                            "grossNeed" : 4576,
                            "netNeed" : 4440,
                            "allocationQty" : null,
                            "finalAllocatedQty" : 540,
                            "holdbackQty" : 0,
                            "releaseDate" : 1440591060000,
                            "storeCalculationMultiple" : "EA",
                            "storeCalculationValue" : 1,
                            "targetStockRatio" : "Y",
                            "itemMetrics" : {
                                "allocatedStores" : 3,
                                "storesWithZeroQty" : 2,
                                "highestAllocatedQty" : 324,
                                "lowestAllocatedQty" : 0,
                                "averageAllocatedQty" : 108,
                                "targetStockRatio" : "Y",
                                "storeCalculationMultiple" : "EA",
                                "storeCalculationValue" : 1
                            }
                        },
                        {
                            "links" : [
                            ],
                            "children" : [
                            ],
                            "imageURL" : null,
                            "itemId" : "100112093",
                            "itemDescription" : "MultiColor Style Item:Small:Green",
                            "warehouseId" : 10002,
                            "documentType" : "TSF",
                            "documentId" : "3000007001",
                            "diff" : null,
                            "totalAvail" : 4,
                            "grossNeed" : 4576,
                            "netNeed" : 4440,
                            "allocationQty" : null,
                            "finalAllocatedQty" : 4,
                            "holdbackQty" : 0,
                            "releaseDate" : 1440591060000,
                            "storeCalculationMultiple" : "EA",
                            "storeCalculationValue" : 1,
                            "targetStockRatio" : "Y",
                            "itemMetrics" : {
                                "allocatedStores" : 1,
                                "storesWithZeroQty" : 4,
                                "highestAllocatedQty" : 4,
                                "lowestAllocatedQty" : 0,
                                "averageAllocatedQty" : 0,
                                "targetStockRatio" : "Y",
                                "storeCalculationMultiple" : "EA",
                                "storeCalculationValue" : 1
                            }
                        }
                    ],
                    "imageURL" : null,
                    "itemId" : "55502",
                    "itemDescription" : "*****",
                    "warehouseId" : 10002,
                    "documentType" : "-1",
                    "documentId" : "-1",
                    "diff" : null,
                    "totalAvail" : 0,
                    "grossNeed" : 4576,
                    "netNeed" : 4440,
                    "allocationQty" : null,
                    "finalAllocatedQty" : 1475,
                    "holdbackQty" : 0,
                    "releaseDate" : 1440591060000,
                    "storeCalculationMultiple" : "EA",
                    "storeCalculationValue" : 1,
                    "targetStockRatio" : "N",
                    "itemMetrics" : {
                        "allocatedStores" : 1,
                        "storesWithZeroQty" : 22,
                        "highestAllocatedQty" : 683,
                        "lowestAllocatedQty" : 36,
                        "averageAllocatedQty" : 293,
                        "targetStockRatio" : "N",
                        "storeCalculationMultiple" : "EA",
                        "storeCalculationValue" : 1
                    }
                }
            ],
            "locationHeader" : {
                "supplyChainEnforced" : false,
                "totalValidStores" : 5
            },
            "ruleHeader" : {
                "levelHierarchy" : "Item",
                "demandSource" : "HISTORY"
            },
            "statusFlag" : "IN_PROGRESS"
        },
        {
            "links" : [
                {
                    "href" : "/Allocations/approve",
                    "rel" : "approveAction",
                    "type" : "application/xml",
                    "methodType" : "POST"
                },
                {
                    "href" : "/Allocations/submit",
                    "rel" : "submitAction",
                    "type" : "application/xml",
                    "methodType" : "POST"
                },
                {
                    "href" : "/Allocations/reserve",
                    "rel" : "reserveAction",
                    "type" : "application/xml",
                    "methodType" : "POST"
                }
            ],
            "id" : 2000008,
            "description" : "Mobile FG",
            "allocType" : "SA",
            "workHeaderId" : 2060016,
            "sessionId" : "allie allocator-20794238402060016",
            "status" : {
                "links" : [
                ],
                "id" : "4",
                "description" : "Calculated",
                "hyperMediaContent" : {
                    "linkRDO" : [
                    ]
                }
            },
            "allocationStatus" : {
                "links" : [
                ],
                "id" : "0",
                "description" : "Worksheet",
                "hyperMediaContent" : {
                    "linkRDO" : [
                    ]
                }
            },
            "createdBy" : "allocator",
            "createdDate" : 1440521060000,
            "rushShipment" : false,
            "promotion" : {
                "id" : "1234",
                "description" : "Demo Promo"
            },
            "context" : {
                "links" : [
                ],
                "id" : null,
                "description" : null,
                "hyperMediaContent" : {
                    "linkRDO" : [
                    ]
                }
            },
            "comments" : null,
            "itemWHSource" : [
                {
                    "links" : [
                        {
                            "href" : "/Allocations/2000008/itemloc?facetSessionId=allie allocator-20794238402060016&itemId=100350155&whId=578693897&allocType=SA&docType=OH",
                            "rel" : "child",
                            "type" : "application/xml",
                            "methodType" : "GET"
                        }
                    ],
                    "imageURL" : null,
                    "itemId" : "100350155",
                    "itemDescription" : "Mobile_Non Sellable Staple Complex Pack_Item_CMP_3_SZ_10",
                    "warehouseId" : 578693897,
                    "documentType" : "OH",
                    "documentId" : null,
                    "diff" : null,
                    "totalAvail" : 1000.0,
                    "grossNeed" : 1200.0,
                    "netNeed" : 1090.0,
                    "allocationQty" : null,
                    "finalAllocatedQty" : 0.0,
                    "holdbackQty" : 0.0,
                    "releaseDate" : 1440591060000,
                    "storeCalculationMultiple" : "EA",
                    "storeCalculationValue" : 1.0,
                    "targetStockRatio" : "N",
                    "children" : [
                    ],
                    "hyperMediaContent" : {
                        "linkRDO" : [
                            {
                                "href" : "/Allocations/2000008/itemloc?facetSessionId=allie allocator-20794238402060016&itemId=100350155&whId=578693897&allocType=SA&docType=OH",
                                "rel" : "child",
                                "type" : "application/xml",
                                "methodType" : "GET"
                            }
                        ]
                    }
                },
                {
                    "links" : [
                        {
                            "href" : "/Allocations/2000008/itemloc?facetSessionId=allie allocator-20794238402060016&itemId=100350155&whId=449897421&allocType=SA&docType=OH",
                            "rel" : "child",
                            "type" : "application/xml",
                            "methodType" : "GET"
                        }
                    ],
                    "imageURL" : null,
                    "itemId" : "100350155",
                    "itemDescription" : "Mobile_Non Sellable Staple Complex Pack_Item_CMP_3_SZ_10",
                    "warehouseId" : 449897421,
                    "documentType" : "OH",
                    "documentId" : null,
                    "diff" : null,
                    "totalAvail" : 500.0,
                    "grossNeed" : 1200.0,
                    "netNeed" : 1090.0,
                    "allocationQty" : null,
                    "finalAllocatedQty" : 399.0,
                    "holdbackQty" : 0.0,
                    "releaseDate" : 1440591060000,
                    "storeCalculationMultiple" : "EA",
                    "storeCalculationValue" : 1.0,
                    "targetStockRatio" : "N",
                    "children" : [
                    ],
                    "hyperMediaContent" : {
                        "linkRDO" : [
                            {
                                "href" : "/Allocations/2000008/itemloc?facetSessionId=allie allocator-20794238402060016&itemId=100350155&whId=449897421&allocType=SA&docType=OH",
                                "rel" : "child",
                                "type" : "application/xml",
                                "methodType" : "GET"
                            }
                        ]
                    }
                },
                {
                    "links" : [
                        {
                            "href" : "/Allocations/2000008/itemloc?facetSessionId=allie allocator-20794238402060016&itemId=100350155&whId=395563289&allocType=SA&docType=OH",
                            "rel" : "child",
                            "type" : "application/xml",
                            "methodType" : "GET"
                        }
                    ],
                    "imageURL" : null,
                    "itemId" : "100350155",
                    "itemDescription" : "Mobile_Non Sellable Staple Complex Pack_Item_CMP_3_SZ_10",
                    "warehouseId" : 395563289,
                    "documentType" : "OH",
                    "documentId" : null,
                    "diff" : null,
                    "totalAvail" : 1000.0,
                    "grossNeed" : 1200.0,
                    "netNeed" : 1090.0,
                    "allocationQty" : null,
                    "finalAllocatedQty" : 0.0,
                    "holdbackQty" : 0.0,
                    "releaseDate" : 1440591060000,
                    "storeCalculationMultiple" : "EA",
                    "storeCalculationValue" : 1.0,
                    "targetStockRatio" : "N",
                    "children" : [
                    ],
                    "hyperMediaContent" : {
                        "linkRDO" : [
                            {
                                "href" : "/Allocations/2000008/itemloc?facetSessionId=allie allocator-20794238402060016&itemId=100350155&whId=395563289&allocType=SA&docType=OH",
                                "rel" : "child",
                                "type" : "application/xml",
                                "methodType" : "GET"
                            }
                        ]
                    }
                }
            ],
            "locationHeader" : {
                "links" : [
                ],
                "supplyChainEnforced" : false,
                "totalValidStores" : 0,
                "hyperMediaContent" : {
                    "linkRDO" : [
                    ]
                }
            },
            "ruleHeader" : {
                "links" : [
                ],
                "levelHierarchy" : "Item",
                "demandSource" : "History",
                "hyperMediaContent" : {
                    "linkRDO" : [
                    ]
                }
            },
            "statusFlag" : "IN_PROGRESS",
            "hyperMediaContent" : {
                "linkRDO" : [
                    {
                        "href" : "/Allocations/approve",
                        "rel" : "approveAction",
                        "type" : "application/xml",
                        "methodType" : "POST"
                    },
                    {
                        "href" : "/Allocations/submit",
                        "rel" : "submitAction",
                        "type" : "application/xml",
                        "methodType" : "POST"
                    },
                    {
                        "href" : "/Allocations/reserve",
                        "rel" : "reserveAction",
                        "type" : "application/xml",
                        "methodType" : "POST"
                    }
                ]
            }
        }
    ],
    "mockLocations" : [
        {
            "location" : {
                "id" : "1001",
                "description" : "Test IN Store Gopi"
            },
            "onHand" : 60.7,
            "netNeed" : 2440.00001,
            "warehouse" : 50001,
            "grossNeed" : 2500.00007,
            "ruleLevelOnHand" : 0,
            "finalAllocatedQty" : 4885,
            "locationGroup" : {
                "id" : "ALL",
                "description" : "All Stores"
            }
        },
        {
            "location" : {
                "id" : "1002",
                "description" : "Test Store FP BUG 16320833 Gopi"
            },
            "onHand" : 0,
            "netNeed" : 2500,
            "warehouse" : 50001,
            "grossNeed" : 2500,
            "ruleLevelOnHand" : 0,
            "finalAllocatedQty" : 4940,
            "locationGroup" : {
                "id" : "ALL",
                "description" : "All Stores"
            }
        },
        {
            "location" : {
                "id" : "1003",
                "description" : "Test IN Store Gopi"
            },
            "onHand" : 60,
            "netNeed" : 2440,
            "warehouse" : 50001,
            "grossNeed" : 2500,
            "ruleLevelOnHand" : 0,
            "finalAllocatedQty" : 4885,
            "locationGroup" : {
                "id" : "ALL",
                "description" : "All Stores"
            }
        },
        {
            "location" : {
                "id" : "1004",
                "description" : "Test Store FP BUG 16320833 Gopi"
            },
            "onHand" : 0,
            "netNeed" : 2500,
            "warehouse" : 50001,
            "grossNeed" : 2500,
            "ruleLevelOnHand" : 0,
            "finalAllocatedQty" : 4940,
            "locationGroup" : {
                "id" : "ALL",
                "description" : "All Stores"
            }
        },
        {
            "location" : {
                "id" : "1005",
                "description" : "Test IN Store Gopi"
            },
            "onHand" : 60,
            "netNeed" : 2440,
            "warehouse" : 50001,
            "grossNeed" : 2500,
            "ruleLevelOnHand" : 0,
            "finalAllocatedQty" : 4885,
            "locationGroup" : {
                "id" : "ALL",
                "description" : "All Stores"
            }
        },
        {
            "location" : {
                "id" : "1006",
                "description" : "Test Store FP BUG 16320833 Gopi"
            },
            "onHand" : 0,
            "netNeed" : 2500,
            "warehouse" : 50001,
            "grossNeed" : 2500,
            "ruleLevelOnHand" : 0,
            "finalAllocatedQty" : 4940,
            "locationGroup" : {
                "id" : "ALL",
                "description" : "All Stores"
            }
        },
        {
            "location" : {
                "id" : "1007",
                "description" : "Test IN Store Gopi"
            },
            "onHand" : 60,
            "netNeed" : 2440,
            "warehouse" : 50001,
            "grossNeed" : 2500,
            "ruleLevelOnHand" : 0,
            "finalAllocatedQty" : 4885,
            "locationGroup" : {
                "id" : "ALL",
                "description" : "All Stores"
            }
        },
        {
            "location" : {
                "id" : "1008",
                "description" : "Test Store FP BUG 16320833 Gopi"
            },
            "onHand" : 0,
            "netNeed" : 2500,
            "warehouse" : 50001,
            "grossNeed" : 2500,
            "ruleLevelOnHand" : 0,
            "finalAllocatedQty" : 4940,
            "locationGroup" : {
                "id" : "ALL",
                "description" : "All Stores"
            }
        },
        {
            "location" : {
                "id" : "1009",
                "description" : "Test IN Store Gopi"
            },
            "onHand" : 60,
            "netNeed" : 2440,
            "warehouse" : 50001,
            "grossNeed" : 2500,
            "ruleLevelOnHand" : 0,
            "finalAllocatedQty" : 4885,
            "locationGroup" : {
                "id" : "ALL",
                "description" : "All Stores"
            }
        },
        {
            "location" : {
                "id" : "1010",
                "description" : "Test Store FP BUG 16320833 Gopi"
            },
            "onHand" : 0,
            "netNeed" : 2500,
            "warehouse" : 50001,
            "grossNeed" : 2500,
            "ruleLevelOnHand" : 0,
            "finalAllocatedQty" : 4940,
            "locationGroup" : {
                "id" : "ALL",
                "description" : "All Stores"
            }
        },
        {
            "location" : {
                "id" : "1011",
                "description" : "Test IN Store Gopi"
            },
            "onHand" : 60,
            "netNeed" : 2440,
            "warehouse" : 50001,
            "grossNeed" : 2500,
            "ruleLevelOnHand" : 0,
            "finalAllocatedQty" : 4885,
            "locationGroup" : {
                "id" : "ALL",
                "description" : "All Stores"
            }
        },
        {
            "location" : {
                "id" : "1012",
                "description" : "Test Store FP BUG 16320833 Gopi"
            },
            "onHand" : 0,
            "netNeed" : 2500,
            "warehouse" : 50001,
            "grossNeed" : 2500,
            "ruleLevelOnHand" : 0,
            "finalAllocatedQty" : 4940,
            "locationGroup" : {
                "id" : "ALL",
                "description" : "All Stores"
            }
        },
        {
            "location" : {
                "id" : "1013",
                "description" : "Test IN Store Gopi"
            },
            "onHand" : 60,
            "netNeed" : 2440,
            "warehouse" : 50001,
            "grossNeed" : 2500,
            "ruleLevelOnHand" : 0,
            "finalAllocatedQty" : 4885,
            "locationGroup" : {
                "id" : "ALL",
                "description" : "All Stores"
            }
        },
        {
            "location" : {
                "id" : "1014",
                "description" : "Test Store FP BUG 16320833 Gopi"
            },
            "onHand" : 0,
            "netNeed" : 2500,
            "warehouse" : 50001,
            "grossNeed" : 2500,
            "ruleLevelOnHand" : 0,
            "finalAllocatedQty" : 4940,
            "locationGroup" : {
                "id" : "ALL",
                "description" : "All Stores"
            }
        }
    ]
}