{
    "status" : [
        {
            "links" : [
            ],
            "id" : "14",
            "description" : "Available Inventory Error",
            "hyperMediaContent" : {
                "linkRDO" : [
                ]
            }
        },
        {
            "links" : [
            ],
            "id" : "4",
            "description" : "Calculated",
            "hyperMediaContent" : {
                "linkRDO" : [
                ]
            }
        },
        {
            "links" : [
            ],
            "id" : "3",
            "description" : "Calculating",
            "hyperMediaContent" : {
                "linkRDO" : [
                ]
            }
        },
        {
            "links" : [
            ],
            "id" : "6",
            "description" : "Calculation Error",
            "hyperMediaContent" : {
                "linkRDO" : [
                ]
            }
        },
        {
            "links" : [
            ],
            "id" : "2",
            "description" : "Calculation Waiting",
            "hyperMediaContent" : {
                "linkRDO" : [
                ]
            }
        },
        {
            "links" : [
            ],
            "id" : "8",
            "description" : "Iwos Calculation Error",
            "hyperMediaContent" : {
                "linkRDO" : [
                ]
            }
        },
        {
            "links" : [
            ],
            "id" : "15",
            "description" : "Next Destination Error",
            "hyperMediaContent" : {
                "linkRDO" : [
                ]
            }
        },
        {
            "links" : [
            ],
            "id" : "1",
            "description" : "Not Calculated",
            "hyperMediaContent" : {
                "linkRDO" : [
                ]
            }
        },
        {
            "links" : [
            ],
            "id" : "19",
            "description" : "Schedule Error",
            "hyperMediaContent" : {
                "linkRDO" : [
                ]
            }
        },
        {
            "links" : [
            ],
            "id" : "18",
            "description" : "Scheduled",
            "hyperMediaContent" : {
                "linkRDO" : [
                ]
            }
        },
        {
            "links" : [
            ],
            "id" : "7",
            "description" : "Size Profile Calculation Error",
            "hyperMediaContent" : {
                "linkRDO" : [
                ]
            }
        },
        {
            "links" : [
            ],
            "id" : "10",
            "description" : "Status Error",
            "hyperMediaContent" : {
                "linkRDO" : [
                ]
            }
        },
        {
            "links" : [
            ],
            "id" : "13",
            "description" : "Status Processed",
            "hyperMediaContent" : {
                "linkRDO" : [
                ]
            }
        },
        {
            "links" : [
            ],
            "id" : "12",
            "description" : "Status Processing",
            "hyperMediaContent" : {
                "linkRDO" : [
                ]
            }
        },
        {
            "links" : [
            ],
            "id" : "11",
            "description" : "Status Waiting",
            "hyperMediaContent" : {
                "linkRDO" : [
                ]
            }
        },
        {
            "links" : [
            ],
            "id" : "16",
            "description" : "Supply Chain Error",
            "hyperMediaContent" : {
                "linkRDO" : [
                ]
            }
        }
    ],
    
    "allocationStatus" : [
        {
            "links" : [
            ],
            "id" : "0",
            "description" : "Worksheet",
            "hyperMediaContent" : {
                "linkRDO" : [
                ]
            }
        },
        {
            "links" : [
            ],
            "id" : "1",
            "description" : "Submitted",
            "hyperMediaContent" : {
                "linkRDO" : [
                ]
            }
        },
        {
            "links" : [
            ],
            "id" : "6",
            "description" : "Reserved",
            "hyperMediaContent" : {
                "linkRDO" : [
                ]
            }
        },
        {
            "links" : [
            ],
            "id" : "2",
            "description" : "Approved",
            "hyperMediaContent" : {
                "linkRDO" : [
                ]
            }
        },
        {
            "links" : [
            ],
            "id" : "3",
            "description" : "Processed",
            "hyperMediaContent" : {
                "linkRDO" : [
                ]
            }
        },
        {
            "links" : [
            ],
            "id" : "4",
            "description" : "Closed",
            "hyperMediaContent" : {
                "linkRDO" : [
                ]
            }
        },
        {
            "links" : [
            ],
            "id" : "5",
            "description" : "Cancelled",
            "hyperMediaContent" : {
                "linkRDO" : [
                ]
            }
        },
        {
            "links" : [
            ],
            "id" : "10",
            "description" : "PO Created",
            "hyperMediaContent" : {
                "linkRDO" : [
                ]
            }
        },
        {
            "links" : [
            ],
            "id" : "11",
            "description" : "Scheduled",
            "hyperMediaContent" : {
                "linkRDO" : [
                ]
            }
        }
    ]
}