{
    "notifications" : [
        {
            "hyperMediaContent" : {
            },
            "links" : [
            ],
            "applicationCode" : "RAFTEST",
            "createdBy" : "allie_allocator",
            "createdDate" : 1438784918000,
            "lastUpdatedBy" : "allie_allocator",
            "lastUpdatedDate" : 1438787918000,
            "launchable" : false,
            "notificationDesc" : "Demo data #4",
            "notificationId" : 4,
            "notificationStatus" : "U",
            "notificationTypeDescription" : "Error in Calculation",
            "notificationTypeId" : 2,
            "notificationTypeName" : "Error",
            "severity" : 3
        },
        {
            "hyperMediaContent" : {
            },
            "links" : [
            ],
            "applicationCode" : "RAFTEST",
            "createdBy" : "allie_allocator",
            "createdDate" : 1438787918000,
            "lastUpdatedBy" : "allie_allocator",
            "lastUpdatedDate" : 1438785918000,
            "launchable" : false,
            "notificationDesc" : "Another test notification",
            "notificationId" : 3,
            "notificationStatus" : "U",
            "notificationTypeDescription" : "Error in Calculation",
            "notificationTypeId" : 2,
            "notificationTypeName" : "Error",
            "severity" : 3
        },
        {
            "hyperMediaContent" : {
            },
            "links" : [
            ],
            "applicationCode" : "RAFTEST",
            "createdBy" : "allie_allocator",
            "createdDate" : 1438786918000,
            "lastUpdatedBy" : "allie_allocator",
            "lastUpdatedDate" : 1438787918000,
            "launchable" : false,
            "notificationDesc" : "More data incoming",
            "notificationId" : 2,
            "notificationStatus" : "U",
            "notificationTypeDescription" : "Error in Calculation",
            "notificationTypeId" : 2,
            "notificationTypeName" : "Error",
            "severity" : 2
        },
        {
            "hyperMediaContent" : {
            },
            "links" : [
            ],
            "applicationCode" : "RAFTEST",
            "createdBy" : "allie_allocator",
            "createdDate" : 1438787918000,
            "lastUpdatedBy" : "allie_allocator",
            "lastUpdatedDate" : 1438787918000,
            "launchable" : false,
            "notificationDesc" : "Data incoming",
            "notificationId" : 1,
            "notificationStatus" : "U",
            "notificationTypeDescription" : "Error in Calculation",
            "notificationTypeId" : 2,
            "notificationTypeName" : "Error",
            "severity" : 1
        }
    ]
}